-- phpMyAdmin SQL Dump
-- version 5.1.1
-- https://www.phpmyadmin.net/
--
-- Host: 127.0.0.1
-- Generation Time: Jul 03, 2022 at 08:07 PM
-- Server version: 10.4.20-MariaDB
-- PHP Version: 8.0.9

SET SQL_MODE = "NO_AUTO_VALUE_ON_ZERO";
START TRANSACTION;
SET time_zone = "+00:00";


/*!40101 SET @OLD_CHARACTER_SET_CLIENT=@@CHARACTER_SET_CLIENT */;
/*!40101 SET @OLD_CHARACTER_SET_RESULTS=@@CHARACTER_SET_RESULTS */;
/*!40101 SET @OLD_COLLATION_CONNECTION=@@COLLATION_CONNECTION */;
/*!40101 SET NAMES utf8mb4 */;

--
-- Database: `blog`
--

-- --------------------------------------------------------

--
-- Table structure for table `account`
--

CREATE TABLE `account` (
  `id` int(11) NOT NULL,
  `nama` varchar(191) COLLATE utf8mb4_unicode_ci NOT NULL,
  `email` varchar(191) COLLATE utf8mb4_unicode_ci NOT NULL,
  `password` text COLLATE utf8mb4_unicode_ci NOT NULL,
  `level` varchar(191) COLLATE utf8mb4_unicode_ci NOT NULL,
  `createdAt` datetime(3) NOT NULL DEFAULT current_timestamp(3),
  `updatedAt` datetime(3) NOT NULL
) ENGINE=InnoDB DEFAULT CHARSET=utf8mb4 COLLATE=utf8mb4_unicode_ci;

--
-- Dumping data for table `account`
--

INSERT INTO `account` (`id`, `nama`, `email`, `password`, `level`, `createdAt`, `updatedAt`) VALUES
(1, 'mega admin', 'email@email.com', '$argon2i$v=19$m=4096,t=3,p=1$yMmdetU1G6XUasx+Vgd1hg$Erqw5ybXenF9lNTu0u12z42pt9QLLvGtcTVcov0O8m4', 'superadmin', '2022-02-24 07:27:49.439', '2022-05-17 21:56:37.171'),
(11, 'my name', 'email2@email.com', '$argon2i$v=19$m=4096,t=3,p=1$e2U4AmuspyMfnaWVG9bMPQ$1TKF97sXCzAZrMD4yvAc0EM+qGRoGqhzzBCffrALEBo', 'admin', '2022-02-24 07:37:15.380', '2022-02-24 07:37:15.380'),
(12, 'my name', 'email3@email.com', '$argon2i$v=19$m=4096,t=3,p=1$4J/qoGFcprHoopjM02BD/g$2ba5Zszg3gng3MnIyrLkT0Rpc0Aga2zPL3bPOOxRrC4', 'admin', '2022-02-24 08:33:20.911', '2022-02-24 08:33:20.911'),
(13, 'my name', 'email4@email.com', '$argon2i$v=19$m=4096,t=3,p=1$a0WbkRVjdHuZuQzeSfMPrQ$J8XbTDuTNB+duo2ckMYUB0DAnBbirzuezwzGp5dvOTU', 'admin', '2022-02-24 08:33:41.577', '2022-02-24 08:33:41.577'),
(14, 'my name', 'email5@email.com', '$argon2i$v=19$m=4096,t=3,p=1$xW32Xlf4D0sDlrew7dZm7w$ICpOaT3biUBjfd9EDejHbVwaoxT12BNfbRoTyNCr5lQ', 'admin', '2022-02-25 06:40:37.262', '2022-02-25 06:40:37.264');

-- --------------------------------------------------------

--
-- Table structure for table `blog`
--

CREATE TABLE `blog` (
  `id` int(11) NOT NULL,
  `title` varchar(255) COLLATE utf8mb4_unicode_ci NOT NULL,
  `content` varchar(191) COLLATE utf8mb4_unicode_ci DEFAULT NULL,
  `published` tinyint(1) NOT NULL DEFAULT 0,
  `createdAt` datetime(3) NOT NULL DEFAULT current_timestamp(3),
  `updatedAt` datetime(3) NOT NULL
) ENGINE=InnoDB DEFAULT CHARSET=utf8mb4 COLLATE=utf8mb4_unicode_ci;

--
-- Dumping data for table `blog`
--

INSERT INTO `blog` (`id`, `title`, `content`, `published`, `createdAt`, `updatedAt`) VALUES
(1, 'cooking', 'cooking some tofus for lunch today!', 1, '2022-02-10 12:14:18.000', '2022-02-10 12:14:18.000');

-- --------------------------------------------------------

--
-- Table structure for table `datauji`
--

CREATE TABLE `datauji` (
  `id` int(11) NOT NULL,
  `nomor_uji` varchar(191) COLLATE utf8mb4_unicode_ci NOT NULL,
  `tahun` int(11) NOT NULL,
  `bulan` int(11) NOT NULL,
  `titikId` int(11) NOT NULL,
  `createdAt` datetime(3) NOT NULL DEFAULT current_timestamp(3),
  `updatedAt` datetime(3) NOT NULL
) ENGINE=InnoDB DEFAULT CHARSET=utf8mb4 COLLATE=utf8mb4_unicode_ci;

--
-- Dumping data for table `datauji`
--

INSERT INTO `datauji` (`id`, `nomor_uji`, `tahun`, `bulan`, `titikId`, `createdAt`, `updatedAt`) VALUES
(1, '123', 2022, 3, 1, '2022-03-13 16:30:52.346', '2022-03-13 16:30:52.350'),
(2, '12345', 2021, 2, 3, '2022-03-13 16:32:27.025', '2022-03-13 22:47:31.685'),
(3, '123', 2022, 3, 2, '2022-03-30 12:20:39.160', '2022-03-30 12:20:39.165');

-- --------------------------------------------------------

--
-- Table structure for table `dataujidetail`
--

CREATE TABLE `dataujidetail` (
  `id` int(11) NOT NULL,
  `hasil_uji` int(11) NOT NULL,
  `parameterId` int(11) NOT NULL,
  `createdAt` datetime(3) NOT NULL DEFAULT current_timestamp(3),
  `updatedAt` datetime(3) NOT NULL,
  `dataUjiId` int(11) NOT NULL
) ENGINE=InnoDB DEFAULT CHARSET=utf8mb4 COLLATE=utf8mb4_unicode_ci;

--
-- Dumping data for table `dataujidetail`
--

INSERT INTO `dataujidetail` (`id`, `hasil_uji`, `parameterId`, `createdAt`, `updatedAt`, `dataUjiId`) VALUES
(1, 999, 3, '2022-03-13 16:30:52.348', '2022-03-13 16:30:52.351', 1),
(2, 999, 4, '2022-03-13 16:30:52.348', '2022-03-13 16:30:52.351', 1),
(3, 888, 3, '2022-03-13 16:32:27.025', '2022-03-13 23:43:39.210', 2),
(4, 888, 5, '2022-03-13 16:32:27.025', '2022-03-30 12:16:28.031', 2),
(5, 4, 3, '2022-03-30 12:20:39.161', '2022-03-30 12:20:39.165', 3),
(6, 32, 4, '2022-03-30 12:20:39.161', '2022-03-30 12:20:39.165', 3),
(7, 43, 5, '2022-03-30 12:20:39.161', '2022-03-30 12:20:39.165', 3),
(8, 21, 6, '2022-03-30 12:20:39.161', '2022-03-30 12:20:39.165', 3),
(9, 39, 7, '2022-03-30 12:20:39.161', '2022-03-30 12:20:39.165', 3),
(10, 11111, 8, '2022-03-30 12:20:39.161', '2022-03-30 12:20:39.165', 3);

-- --------------------------------------------------------

--
-- Table structure for table `hasiltraining`
--

CREATE TABLE `hasiltraining` (
  `id` int(11) NOT NULL,
  `jumlah_data` int(11) NOT NULL,
  `jumlah_data_train` int(11) NOT NULL,
  `jumlah_data_test` int(11) NOT NULL,
  `jumlah_data_test_benar` int(11) NOT NULL,
  `jumlah_data_test_salah` int(11) NOT NULL,
  `akurasi` varchar(191) COLLATE utf8mb4_unicode_ci NOT NULL,
  `createdAt` datetime(3) NOT NULL DEFAULT current_timestamp(3),
  `updatedAt` datetime(3) NOT NULL
) ENGINE=InnoDB DEFAULT CHARSET=utf8mb4 COLLATE=utf8mb4_unicode_ci;

--
-- Dumping data for table `hasiltraining`
--

INSERT INTO `hasiltraining` (`id`, `jumlah_data`, `jumlah_data_train`, `jumlah_data_test`, `jumlah_data_test_benar`, `jumlah_data_test_salah`, `akurasi`, `createdAt`, `updatedAt`) VALUES
(1, 100, 70, 30, 23, 7, '77%', '2022-06-06 11:53:46.148', '2022-06-06 11:53:46.148'),
(2, 100, 70, 30, 24, 6, '80%', '2022-06-06 12:01:03.565', '2022-06-06 12:01:03.565'),
(3, 100, 70, 30, 26, 4, '87%', '2022-06-06 12:02:41.545', '2022-06-06 12:02:41.545'),
(4, 100, 70, 30, 24, 6, '80%', '2022-06-06 12:02:43.723', '2022-06-06 12:02:43.723'),
(5, 100, 70, 30, 27, 3, '90%', '2022-06-06 12:02:43.775', '2022-06-06 12:02:43.775'),
(6, 100, 70, 30, 25, 5, '83%', '2022-06-06 12:02:48.494', '2022-06-06 12:02:48.494'),
(7, 100, 70, 30, 23, 7, '77%', '2022-06-06 12:02:50.999', '2022-06-06 12:02:50.999'),
(8, 100, 70, 30, 27, 3, '90%', '2022-06-06 12:02:52.600', '2022-06-06 12:02:52.600'),
(9, 100, 70, 30, 26, 4, '87%', '2022-06-06 12:03:23.241', '2022-06-06 12:03:23.241'),
(10, 100, 70, 30, 25, 5, '83%', '2022-06-06 12:03:35.485', '2022-06-06 12:03:35.485'),
(11, 100, 70, 30, 23, 7, '77%', '2022-06-06 12:04:11.871', '2022-06-06 12:04:11.871'),
(12, 100, 70, 30, 24, 6, '80%', '2022-06-06 12:04:11.963', '2022-06-06 12:04:11.963'),
(13, 100, 70, 30, 23, 7, '77%', '2022-06-06 12:04:24.525', '2022-06-06 12:04:24.525'),
(14, 100, 70, 30, 24, 6, '80%', '2022-06-06 12:04:46.570', '2022-06-06 12:04:46.570'),
(15, 100, 70, 30, 24, 6, '80%', '2022-06-06 12:05:01.136', '2022-06-06 12:05:01.136'),
(16, 100, 70, 30, 21, 9, '70%', '2022-06-06 12:05:02.471', '2022-06-06 12:05:02.471'),
(17, 100, 70, 30, 22, 8, '73%', '2022-06-06 12:05:11.398', '2022-06-06 12:05:11.398'),
(18, 100, 70, 30, 23, 7, '77%', '2022-06-06 12:05:14.776', '2022-06-06 12:05:14.776'),
(19, 100, 70, 30, 24, 6, '80%', '2022-06-06 12:05:16.223', '2022-06-06 12:05:16.223'),
(20, 100, 70, 30, 27, 3, '90%', '2022-06-06 12:05:17.883', '2022-06-06 12:05:17.883'),
(21, 100, 70, 30, 27, 3, '90%', '2022-06-06 12:05:27.161', '2022-06-06 12:05:27.161'),
(22, 100, 70, 30, 26, 4, '87%', '2022-06-06 12:05:31.962', '2022-06-06 12:05:31.962'),
(23, 100, 70, 30, 27, 3, '90%', '2022-06-06 12:06:18.020', '2022-06-06 12:06:18.020'),
(24, 100, 70, 30, 23, 7, '77%', '2022-06-06 12:06:18.563', '2022-06-06 12:06:18.563'),
(25, 100, 70, 30, 25, 5, '83%', '2022-06-06 12:06:47.681', '2022-06-06 12:06:47.681'),
(26, 100, 70, 30, 27, 3, '90%', '2022-06-06 12:06:49.130', '2022-06-06 12:06:49.130'),
(27, 100, 70, 30, 24, 6, '80%', '2022-06-06 12:12:00.394', '2022-06-06 12:12:00.394'),
(28, 100, 70, 30, 28, 2, '93%', '2022-06-06 12:18:33.519', '2022-06-06 12:18:33.519'),
(29, 100, 70, 30, 26, 4, '87%', '2022-06-06 12:18:40.880', '2022-06-06 12:18:40.880'),
(30, 100, 70, 30, 28, 2, '93%', '2022-06-06 12:18:47.028', '2022-06-06 12:18:47.028'),
(31, 100, 70, 30, 25, 5, '83%', '2022-06-06 12:18:55.178', '2022-06-06 12:18:55.178'),
(32, 100, 70, 30, 27, 3, '90%', '2022-06-06 12:19:08.161', '2022-06-06 12:19:08.161'),
(33, 100, 70, 30, 26, 4, '87%', '2022-06-06 12:19:35.372', '2022-06-06 12:19:35.372'),
(34, 100, 70, 30, 26, 4, '87%', '2022-06-06 12:21:51.363', '2022-06-06 12:21:51.363'),
(35, 100, 70, 30, 26, 4, '87%', '2022-06-06 12:22:21.409', '2022-06-06 12:22:21.409'),
(36, 100, 70, 30, 26, 4, '87%', '2022-06-06 12:23:04.273', '2022-06-06 12:23:04.273'),
(37, 100, 70, 30, 25, 5, '83%', '2022-06-06 12:23:14.572', '2022-06-06 12:23:14.572'),
(38, 100, 70, 30, 27, 3, '90%', '2022-06-06 12:24:33.716', '2022-06-06 12:24:33.716'),
(39, 100, 70, 30, 23, 7, '77%', '2022-06-06 12:26:53.954', '2022-06-06 12:26:53.954'),
(40, 100, 70, 30, 23, 7, '77%', '2022-06-06 12:26:55.413', '2022-06-06 12:26:55.413'),
(41, 100, 70, 30, 26, 4, '87%', '2022-06-06 12:29:54.641', '2022-06-06 12:29:54.641'),
(42, 100, 70, 30, 27, 3, '90%', '2022-06-06 12:29:59.949', '2022-06-06 12:29:59.949'),
(43, 100, 70, 30, 24, 6, '80%', '2022-06-06 12:49:40.002', '2022-06-06 12:49:40.002'),
(44, 100, 70, 30, 28, 2, '93%', '2022-06-06 12:57:46.821', '2022-06-06 12:57:46.821'),
(45, 100, 70, 30, 25, 5, '83%', '2022-06-06 12:57:53.655', '2022-06-06 12:57:53.656'),
(46, 100, 70, 30, 25, 5, '83%', '2022-06-06 12:57:54.631', '2022-06-06 12:57:54.631'),
(47, 100, 70, 30, 24, 6, '80%', '2022-06-06 12:57:55.516', '2022-06-06 12:57:55.516'),
(48, 100, 70, 30, 27, 3, '90%', '2022-06-06 12:57:56.404', '2022-06-06 12:57:56.404'),
(49, 100, 70, 30, 23, 7, '77%', '2022-06-06 12:59:06.476', '2022-06-06 12:59:06.476'),
(50, 100, 70, 30, 23, 7, '77%', '2022-06-06 13:02:17.749', '2022-06-06 13:02:17.749'),
(51, 100, 70, 30, 25, 5, '83%', '2022-06-06 13:02:19.471', '2022-06-06 13:02:19.471'),
(52, 100, 70, 30, 29, 1, '97%', '2022-06-06 13:02:26.759', '2022-06-06 13:02:26.759'),
(53, 100, 70, 30, 25, 5, '83%', '2022-06-06 13:02:28.311', '2022-06-06 13:02:28.311'),
(54, 100, 70, 30, 26, 4, '87%', '2022-06-06 13:02:29.552', '2022-06-06 13:02:29.552'),
(55, 100, 70, 30, 21, 9, '70%', '2022-06-06 13:03:28.617', '2022-06-06 13:03:28.617'),
(56, 100, 70, 30, 26, 4, '87%', '2022-06-06 13:03:29.835', '2022-06-06 13:03:29.836'),
(57, 100, 70, 30, 22, 8, '73%', '2022-06-06 13:08:44.213', '2022-06-06 13:08:44.213'),
(58, 100, 70, 30, 25, 5, '83%', '2022-06-06 13:08:46.406', '2022-06-06 13:08:46.407'),
(59, 100, 70, 30, 23, 7, '77%', '2022-06-06 14:22:58.235', '2022-06-06 14:22:58.235'),
(60, 100, 70, 30, 24, 6, '80%', '2022-06-06 14:22:59.501', '2022-06-06 14:22:59.501'),
(61, 1003, 702, 301, 290, 11, '96%', '2022-06-07 03:52:29.117', '2022-06-07 03:52:29.117'),
(62, 1003, 702, 301, 283, 18, '94%', '2022-06-07 03:53:24.573', '2022-06-07 03:53:24.573'),
(63, 1003, 702, 301, 284, 17, '94%', '2022-06-07 03:53:26.093', '2022-06-07 03:53:26.093'),
(64, 1003, 702, 301, 287, 14, '95%', '2022-06-07 03:53:27.679', '2022-06-07 03:53:27.679'),
(65, 1003, 702, 301, 292, 9, '97%', '2022-06-07 03:53:28.608', '2022-06-07 03:53:28.608'),
(66, 1003, 702, 301, 290, 11, '96%', '2022-06-07 03:53:29.479', '2022-06-07 03:53:29.479'),
(67, 1003, 702, 301, 288, 13, '96%', '2022-06-07 03:53:54.481', '2022-06-07 03:53:54.482'),
(68, 1003, 702, 301, 284, 17, '94%', '2022-06-07 03:53:55.603', '2022-06-07 03:53:55.603'),
(69, 1003, 702, 301, 287, 14, '95%', '2022-06-07 03:53:56.547', '2022-06-07 03:53:56.547'),
(70, 1003, 702, 301, 286, 15, '95%', '2022-06-07 03:53:57.462', '2022-06-07 03:53:57.462'),
(71, 1003, 702, 301, 286, 15, '95%', '2022-06-07 03:53:58.241', '2022-06-07 03:53:58.241'),
(72, 1003, 702, 301, 288, 13, '96%', '2022-06-07 04:00:34.492', '2022-06-07 04:00:34.492'),
(73, 1003, 702, 301, 283, 18, '94%', '2022-06-07 04:03:53.040', '2022-06-07 04:03:53.040'),
(74, 1003, 702, 301, 275, 26, '91%', '2022-06-07 04:03:55.804', '2022-06-07 04:03:55.804'),
(75, 1003, 702, 301, 290, 11, '96%', '2022-06-07 04:03:56.857', '2022-06-07 04:03:56.857'),
(76, 1003, 702, 301, 288, 13, '96%', '2022-06-13 18:43:23.542', '2022-06-13 18:43:23.547'),
(77, 1003, 702, 301, 284, 17, '94%', '2022-06-13 18:45:34.969', '2022-06-13 18:45:34.969'),
(78, 1003, 702, 301, 285, 16, '95%', '2022-06-13 19:02:33.950', '2022-06-13 19:02:33.950'),
(79, 1003, 702, 301, 282, 19, '94%', '2022-06-13 19:02:36.930', '2022-06-13 19:02:36.931'),
(80, 1003, 702, 301, 285, 16, '95%', '2022-06-13 19:02:37.960', '2022-06-13 19:02:37.960'),
(81, 1003, 702, 301, 290, 11, '96%', '2022-06-13 19:02:38.891', '2022-06-13 19:02:38.891'),
(82, 1003, 702, 301, 287, 14, '95%', '2022-06-13 19:02:39.802', '2022-06-13 19:02:39.802'),
(83, 1003, 702, 301, 283, 18, '94%', '2022-06-13 19:04:48.957', '2022-06-13 19:04:48.958'),
(84, 1003, 702, 301, 284, 17, '94%', '2022-06-13 19:04:50.406', '2022-06-13 19:04:50.406'),
(85, 1003, 702, 301, 284, 17, '94%', '2022-06-13 19:04:51.408', '2022-06-13 19:04:51.408'),
(86, 1003, 702, 301, 282, 19, '94%', '2022-06-13 19:04:52.355', '2022-06-13 19:04:52.355'),
(87, 1003, 702, 301, 289, 12, '96%', '2022-06-13 19:04:54.099', '2022-06-13 19:04:54.099'),
(88, 1003, 702, 301, 284, 17, '94%', '2022-06-13 19:05:00.075', '2022-06-13 19:05:00.075'),
(89, 1003, 702, 301, 289, 12, '96%', '2022-06-13 19:05:07.106', '2022-06-13 19:05:07.106'),
(90, 1003, 702, 301, 281, 20, '93%', '2022-06-13 19:05:08.896', '2022-06-13 19:05:08.896'),
(91, 1003, 702, 301, 287, 14, '95%', '2022-06-13 19:13:16.010', '2022-06-13 19:13:16.011'),
(92, 1003, 702, 301, 281, 20, '93%', '2022-06-15 11:28:49.301', '2022-06-15 11:28:49.302'),
(93, 1003, 702, 301, 286, 15, '95%', '2022-06-15 11:28:54.039', '2022-06-15 11:28:54.039'),
(94, 1003, 702, 301, 288, 13, '96%', '2022-06-15 11:37:19.887', '2022-06-15 11:37:19.887'),
(95, 1003, 702, 301, 288, 13, '96%', '2022-06-15 11:37:20.908', '2022-06-15 11:37:20.908'),
(96, 1003, 702, 301, 288, 13, '96%', '2022-06-15 11:37:21.771', '2022-06-15 11:37:21.771'),
(97, 1003, 702, 301, 288, 13, '96%', '2022-06-15 11:37:22.524', '2022-06-15 11:37:22.524'),
(98, 1003, 702, 301, 288, 13, '96%', '2022-06-15 11:37:23.269', '2022-06-15 11:37:23.270'),
(99, 1003, 702, 301, 288, 13, '96%', '2022-06-15 11:37:24.015', '2022-06-15 11:37:24.015'),
(100, 1003, 702, 301, 288, 13, '96%', '2022-06-15 11:37:24.793', '2022-06-15 11:37:24.793'),
(101, 1003, 702, 301, 288, 13, '96%', '2022-06-15 11:37:25.579', '2022-06-15 11:37:25.579'),
(102, 1003, 702, 301, 288, 13, '96%', '2022-06-15 11:37:26.396', '2022-06-15 11:37:26.396'),
(103, 1003, 702, 301, 288, 13, '96%', '2022-06-15 11:38:07.622', '2022-06-15 11:38:07.622'),
(104, 1003, 702, 301, 288, 13, '96%', '2022-06-15 11:38:08.580', '2022-06-15 11:38:08.580'),
(105, 1003, 802, 201, 192, 9, '96%', '2022-06-15 11:42:20.720', '2022-06-15 11:42:20.720'),
(106, 1003, 802, 201, 192, 9, '96%', '2022-06-15 11:42:24.732', '2022-06-15 11:42:24.732'),
(107, 1003, 802, 201, 192, 9, '96%', '2022-06-15 11:42:25.559', '2022-06-15 11:42:25.559'),
(108, 1003, 802, 201, 192, 9, '96%', '2022-06-15 11:42:26.310', '2022-06-15 11:42:26.310'),
(109, 1003, 903, 101, 96, 5, '95%', '2022-06-15 11:44:32.886', '2022-06-15 11:44:32.886'),
(110, 1003, 903, 101, 96, 5, '95%', '2022-06-15 11:44:41.691', '2022-06-15 11:44:41.692'),
(111, 1003, 903, 101, 96, 5, '95%', '2022-06-15 11:44:59.475', '2022-06-15 11:44:59.475'),
(112, 1003, 802, 201, 192, 9, '96%', '2022-06-15 13:19:46.622', '2022-06-15 13:19:46.622'),
(113, 1003, 802, 201, 184, 17, '92%', '2022-06-15 13:21:16.486', '2022-06-15 13:21:16.486'),
(114, 1003, 802, 201, 194, 7, '97%', '2022-06-15 13:27:32.186', '2022-06-15 13:27:32.186'),
(115, 1003, 802, 201, 191, 10, '95%', '2022-06-15 13:27:46.991', '2022-06-15 13:27:46.991'),
(116, 1003, 802, 201, 185, 16, '92%', '2022-06-15 13:31:55.909', '2022-06-15 13:31:55.909'),
(117, 1003, 802, 201, 195, 6, '97%', '2022-06-15 13:31:57.648', '2022-06-15 13:31:57.648'),
(118, 1003, 802, 201, 192, 9, '96%', '2022-06-15 13:31:58.951', '2022-06-15 13:31:58.951'),
(119, 1003, 802, 201, 191, 10, '95%', '2022-06-15 13:31:59.919', '2022-06-15 13:31:59.919'),
(120, 1003, 802, 201, 189, 12, '94%', '2022-06-15 13:32:00.886', '2022-06-15 13:32:00.886'),
(121, 1003, 702, 301, 290, 11, '96%', '2022-06-15 13:40:58.708', '2022-06-15 13:40:58.708'),
(122, 1003, 702, 301, 290, 11, '96%', '2022-06-15 13:40:59.782', '2022-06-15 13:40:59.782'),
(123, 1003, 702, 301, 290, 11, '96%', '2022-06-15 13:41:00.580', '2022-06-15 13:41:00.580'),
(124, 1003, 702, 301, 288, 13, '96%', '2022-06-15 13:41:33.319', '2022-06-15 13:41:33.319'),
(125, 1003, 702, 301, 288, 13, '96%', '2022-06-15 13:41:34.845', '2022-06-15 13:41:34.845'),
(126, 1003, 702, 301, 287, 14, '95%', '2022-06-15 13:41:43.600', '2022-06-15 13:41:43.600'),
(127, 1003, 702, 301, 287, 14, '95%', '2022-06-15 13:41:44.608', '2022-06-15 13:41:44.608'),
(128, 1003, 702, 301, 287, 14, '95%', '2022-06-15 13:41:45.375', '2022-06-15 13:41:45.375'),
(129, 1003, 702, 301, 290, 11, '96%', '2022-06-15 13:41:57.124', '2022-06-15 13:41:57.124'),
(130, 1003, 702, 301, 290, 11, '96%', '2022-06-15 13:41:58.281', '2022-06-15 13:41:58.281'),
(131, 1003, 702, 301, 292, 9, '97%', '2022-06-15 13:42:52.530', '2022-06-15 13:42:52.530'),
(132, 1003, 702, 301, 287, 14, '95%', '2022-06-15 13:42:53.388', '2022-06-15 13:42:53.388'),
(133, 1003, 702, 301, 280, 21, '93%', '2022-06-15 13:42:54.216', '2022-06-15 13:42:54.216'),
(134, 1003, 702, 301, 283, 18, '94%', '2022-06-15 13:42:54.947', '2022-06-15 13:42:54.948'),
(135, 1003, 702, 301, 286, 15, '95%', '2022-06-15 13:42:55.778', '2022-06-15 13:42:55.778'),
(136, 1003, 702, 301, 288, 13, '96%', '2022-06-15 13:42:56.583', '2022-06-15 13:42:56.583'),
(137, 1003, 702, 301, 284, 17, '94%', '2022-06-15 13:42:57.568', '2022-06-15 13:42:57.568'),
(138, 1003, 702, 301, 282, 19, '94%', '2022-06-24 12:11:33.981', '2022-06-24 12:11:33.983'),
(139, 1003, 702, 301, 291, 10, '97%', '2022-06-24 12:21:16.468', '2022-06-24 12:21:16.469'),
(140, 1003, 702, 301, 284, 17, '94%', '2022-06-24 12:21:17.820', '2022-06-24 12:21:17.820'),
(141, 1003, 702, 301, 287, 14, '95%', '2022-06-24 12:24:01.053', '2022-06-24 12:24:01.053'),
(142, 1003, 702, 301, 283, 18, '94%', '2022-06-24 12:29:29.444', '2022-06-24 12:29:29.444'),
(143, 1003, 702, 301, 288, 13, '96%', '2022-06-24 12:30:22.074', '2022-06-24 12:30:22.074'),
(144, 1003, 953, 51, 49, 2, '96%', '2022-06-24 12:30:39.307', '2022-06-24 12:30:39.307'),
(145, 1003, 983, 21, 20, 1, '95%', '2022-06-24 12:31:10.132', '2022-06-24 12:31:10.132'),
(146, 1003, 983, 21, 21, 0, '100%', '2022-06-24 12:35:12.991', '2022-06-24 12:35:12.991'),
(147, 1003, 983, 21, 20, 1, '95%', '2022-06-24 12:35:15.191', '2022-06-24 12:35:15.191'),
(148, 1003, 983, 21, 21, 0, '100%', '2022-06-24 12:36:44.941', '2022-06-24 12:36:44.941'),
(149, 1003, 983, 21, 21, 0, '100%', '2022-06-24 12:36:57.350', '2022-06-24 12:36:57.350'),
(150, 1003, 983, 21, 20, 1, '95%', '2022-06-24 12:36:58.110', '2022-06-24 12:36:58.110'),
(151, 1003, 983, 21, 20, 1, '95%', '2022-06-24 12:36:58.747', '2022-06-24 12:36:58.747'),
(152, 1003, 983, 21, 20, 1, '95%', '2022-06-24 12:37:56.650', '2022-06-24 12:37:56.650'),
(153, 1003, 983, 21, 20, 1, '95%', '2022-06-24 12:37:58.556', '2022-06-24 12:37:58.556'),
(154, 1003, 983, 21, 19, 2, '90%', '2022-06-24 12:37:59.331', '2022-06-24 12:37:59.331'),
(155, 1003, 983, 21, 20, 1, '95%', '2022-06-24 12:38:00.141', '2022-06-24 12:38:00.141'),
(156, 1003, 983, 21, 21, 0, '100%', '2022-06-24 12:38:11.642', '2022-06-24 12:38:11.642'),
(157, 1003, 983, 21, 21, 0, '100%', '2022-06-24 12:38:12.730', '2022-06-24 12:38:12.730'),
(158, 1003, 983, 21, 20, 1, '95%', '2022-06-24 12:38:13.673', '2022-06-24 12:38:13.673'),
(159, 1003, 983, 21, 21, 0, '100%', '2022-06-24 12:38:14.488', '2022-06-24 12:38:14.488'),
(160, 1003, 983, 21, 21, 0, '100%', '2022-06-24 12:38:15.282', '2022-06-24 12:38:15.282'),
(161, 1003, 983, 21, 20, 1, '95%', '2022-06-24 12:38:16.053', '2022-06-24 12:38:16.053'),
(162, 1003, 983, 21, 21, 0, '100%', '2022-06-24 12:38:16.813', '2022-06-24 12:38:16.813'),
(163, 1003, 983, 21, 21, 0, '100%', '2022-06-24 12:38:17.491', '2022-06-24 12:38:17.491'),
(164, 1003, 983, 21, 19, 2, '90%', '2022-06-24 12:38:18.149', '2022-06-24 12:38:18.150'),
(165, 1003, 983, 21, 19, 2, '90%', '2022-06-24 12:42:56.107', '2022-06-24 12:42:56.107'),
(166, 1003, 983, 21, 19, 2, '90%', '2022-06-24 12:43:55.637', '2022-06-24 12:43:55.637'),
(167, 1003, 983, 21, 21, 0, '100%', '2022-06-24 12:50:09.854', '2022-06-24 12:50:09.854'),
(168, 1003, 983, 21, 20, 1, '95%', '2022-06-24 12:50:11.416', '2022-06-24 12:50:11.416'),
(169, 1003, 983, 21, 20, 1, '95%', '2022-06-24 12:53:08.811', '2022-06-24 12:53:08.811'),
(170, 1003, 983, 21, 20, 1, '95%', '2022-06-24 12:54:51.305', '2022-06-24 12:54:51.305'),
(171, 1003, 983, 21, 20, 1, '95%', '2022-06-24 12:54:52.450', '2022-06-24 12:54:52.450'),
(172, 1003, 983, 21, 21, 0, '100%', '2022-06-24 12:54:53.338', '2022-06-24 12:54:53.338'),
(173, 1003, 983, 21, 19, 2, '90%', '2022-06-24 12:54:57.503', '2022-06-24 12:54:57.503'),
(174, 1003, 983, 21, 21, 0, '100%', '2022-06-24 12:54:58.797', '2022-06-24 12:54:58.798'),
(175, 1003, 983, 21, 21, 0, '100%', '2022-06-24 12:54:59.836', '2022-06-24 12:54:59.836'),
(176, 1003, 983, 21, 20, 1, '95%', '2022-06-24 12:55:20.767', '2022-06-24 12:55:20.767'),
(177, 1003, 983, 21, 20, 1, '95%', '2022-06-24 12:55:22.264', '2022-06-24 12:55:22.264'),
(178, 1003, 983, 21, 20, 1, '95%', '2022-06-24 12:55:23.110', '2022-06-24 12:55:23.110'),
(179, 1003, 983, 21, 21, 0, '100%', '2022-06-24 12:55:51.192', '2022-06-24 12:55:51.192'),
(180, 1003, 983, 21, 19, 2, '90%', '2022-06-24 12:55:52.206', '2022-06-24 12:55:52.206'),
(181, 1003, 983, 21, 21, 0, '100%', '2022-06-24 12:56:54.475', '2022-06-24 12:56:54.475'),
(182, 1003, 983, 21, 20, 1, '95%', '2022-06-24 12:56:55.700', '2022-06-24 12:56:55.700'),
(183, 1003, 983, 21, 20, 1, '95%', '2022-06-24 12:56:56.426', '2022-06-24 12:56:56.426'),
(184, 1003, 983, 21, 19, 2, '90%', '2022-06-24 12:57:06.788', '2022-06-24 12:57:06.788'),
(185, 1003, 983, 21, 19, 2, '90%', '2022-06-24 12:57:07.743', '2022-06-24 12:57:07.743'),
(186, 1003, 983, 21, 20, 1, '95%', '2022-06-24 12:57:23.991', '2022-06-24 12:57:23.991'),
(187, 1003, 983, 21, 20, 1, '95%', '2022-06-24 13:09:51.687', '2022-06-24 13:09:51.687'),
(188, 1003, 983, 21, 21, 0, '100%', '2022-06-24 13:13:58.661', '2022-06-24 13:13:58.661'),
(189, 1003, 983, 21, 20, 1, '95%', '2022-06-24 13:15:43.938', '2022-06-24 13:15:43.938'),
(190, 1003, 983, 21, 21, 0, '100%', '2022-06-24 13:16:10.339', '2022-06-24 13:16:10.339'),
(191, 1003, 983, 21, 20, 1, '95%', '2022-06-24 13:16:23.132', '2022-06-24 13:16:23.132'),
(192, 1003, 983, 21, 19, 2, '90%', '2022-06-24 13:16:24.099', '2022-06-24 13:16:24.099'),
(193, 1003, 983, 21, 21, 0, '100%', '2022-06-24 13:16:24.748', '2022-06-24 13:16:24.748'),
(194, 1003, 983, 21, 19, 2, '90%', '2022-06-24 13:16:25.181', '2022-06-24 13:16:25.181'),
(195, 1003, 983, 21, 21, 0, '100%', '2022-06-24 13:16:27.591', '2022-06-24 13:16:27.591'),
(196, 1003, 983, 21, 19, 2, '90%', '2022-06-24 13:16:28.491', '2022-06-24 13:16:28.491'),
(197, 1003, 983, 21, 17, 4, '81%', '2022-06-24 13:18:47.944', '2022-06-24 13:18:47.944'),
(198, 1003, 983, 21, 20, 1, '95%', '2022-06-24 13:18:48.955', '2022-06-24 13:18:48.955'),
(199, 1003, 983, 21, 21, 0, '100%', '2022-06-24 13:20:11.813', '2022-06-24 13:20:11.813'),
(200, 1003, 983, 21, 19, 2, '90%', '2022-06-24 13:20:15.453', '2022-06-24 13:20:15.453'),
(201, 1003, 983, 21, 21, 0, '100%', '2022-06-24 13:20:56.838', '2022-06-24 13:20:56.838'),
(202, 1003, 983, 21, 21, 0, '100%', '2022-06-24 13:20:59.005', '2022-06-24 13:20:59.005'),
(203, 1003, 983, 21, 20, 1, '95%', '2022-06-24 13:20:59.709', '2022-06-24 13:20:59.709'),
(204, 1003, 983, 21, 21, 0, '100%', '2022-06-24 13:22:34.664', '2022-06-24 13:22:34.664'),
(205, 1003, 983, 21, 18, 3, '86%', '2022-06-24 13:22:37.268', '2022-06-24 13:22:37.268'),
(206, 1003, 983, 21, 20, 1, '95%', '2022-06-24 13:32:22.733', '2022-06-24 13:32:22.733'),
(207, 1003, 983, 21, 20, 1, '95%', '2022-06-24 13:32:30.246', '2022-06-24 13:32:30.246'),
(208, 1003, 983, 21, 19, 2, '90%', '2022-06-24 13:32:31.018', '2022-06-24 13:32:31.018'),
(209, 1003, 983, 21, 20, 1, '95%', '2022-06-24 13:32:48.482', '2022-06-24 13:32:48.482'),
(210, 1003, 983, 21, 20, 1, '95%', '2022-06-24 13:32:49.359', '2022-06-24 13:32:49.359'),
(211, 1003, 983, 21, 21, 0, '100%', '2022-06-24 13:32:50.130', '2022-06-24 13:32:50.130'),
(212, 1003, 983, 21, 20, 1, '95%', '2022-06-24 13:32:50.900', '2022-06-24 13:32:50.900'),
(213, 1003, 983, 21, 21, 0, '100%', '2022-06-24 13:33:09.642', '2022-06-24 13:33:09.642'),
(214, 1003, 983, 21, 20, 1, '95%', '2022-06-24 13:33:10.818', '2022-06-24 13:33:10.818'),
(215, 1003, 983, 21, 21, 0, '100%', '2022-06-24 13:33:34.565', '2022-06-24 13:33:34.565'),
(216, 1003, 983, 21, 20, 1, '95%', '2022-06-24 13:33:35.323', '2022-06-24 13:33:35.324'),
(217, 1003, 983, 21, 21, 0, '100%', '2022-06-24 13:33:35.912', '2022-06-24 13:33:35.912'),
(218, 1003, 983, 21, 19, 2, '90%', '2022-06-24 13:33:36.752', '2022-06-24 13:33:36.752'),
(219, 1003, 983, 21, 20, 1, '95%', '2022-06-24 13:33:37.370', '2022-06-24 13:33:37.370'),
(220, 1003, 983, 21, 20, 1, '95%', '2022-06-24 13:33:37.952', '2022-06-24 13:33:37.952'),
(221, 1003, 983, 21, 19, 2, '90%', '2022-06-24 13:33:38.669', '2022-06-24 13:33:38.669'),
(222, 1003, 983, 21, 21, 0, '100%', '2022-06-24 13:34:01.211', '2022-06-24 13:34:01.211'),
(223, 1003, 983, 21, 21, 0, '100%', '2022-06-24 13:34:02.196', '2022-06-24 13:34:02.196'),
(224, 1003, 983, 21, 18, 3, '86%', '2022-06-24 13:34:02.877', '2022-06-24 13:34:02.877'),
(225, 1003, 983, 21, 21, 0, '100%', '2022-06-24 13:35:57.676', '2022-06-24 13:35:57.676'),
(226, 1003, 983, 21, 18, 3, '86%', '2022-06-24 13:35:58.570', '2022-06-24 13:35:58.570'),
(227, 1003, 983, 21, 18, 3, '86%', '2022-06-24 13:36:15.047', '2022-06-24 13:36:15.047'),
(228, 1003, 983, 21, 19, 2, '90%', '2022-06-24 13:36:15.700', '2022-06-24 13:36:15.700'),
(229, 1003, 983, 21, 20, 1, '95%', '2022-06-24 13:36:24.113', '2022-06-24 13:36:24.114'),
(230, 1003, 983, 21, 20, 1, '95%', '2022-06-24 13:36:24.876', '2022-06-24 13:36:24.876'),
(231, 1003, 983, 21, 20, 1, '95%', '2022-06-24 13:36:25.607', '2022-06-24 13:36:25.607'),
(232, 1003, 983, 21, 21, 0, '100%', '2022-06-24 13:36:26.309', '2022-06-24 13:36:26.309'),
(233, 1003, 983, 21, 21, 0, '100%', '2022-06-24 13:36:27.101', '2022-06-24 13:36:27.101'),
(234, 1003, 983, 21, 21, 0, '100%', '2022-06-24 13:36:27.736', '2022-06-24 13:36:27.736'),
(235, 1003, 983, 21, 20, 1, '95%', '2022-06-24 13:36:28.365', '2022-06-24 13:36:28.365'),
(236, 1003, 983, 21, 19, 2, '90%', '2022-06-24 13:36:29.052', '2022-06-24 13:36:29.052'),
(237, 1003, 953, 51, 47, 4, '92%', '2022-06-24 13:36:43.872', '2022-06-24 13:36:43.872'),
(238, 1003, 953, 51, 49, 2, '96%', '2022-06-24 13:36:44.534', '2022-06-24 13:36:44.534'),
(239, 1003, 953, 51, 49, 2, '96%', '2022-06-24 13:36:45.922', '2022-06-24 13:36:45.922'),
(240, 1003, 953, 51, 50, 1, '98%', '2022-06-24 13:36:46.701', '2022-06-24 13:36:46.701'),
(241, 1003, 953, 51, 46, 5, '90%', '2022-06-24 13:36:47.543', '2022-06-24 13:36:47.543'),
(242, 1003, 953, 51, 47, 4, '92%', '2022-06-24 13:48:09.576', '2022-06-24 13:48:09.576'),
(243, 1003, 953, 51, 51, 0, '100%', '2022-06-24 13:48:11.193', '2022-06-24 13:48:11.193'),
(244, 1003, 953, 51, 46, 5, '90%', '2022-06-24 13:48:12.698', '2022-06-24 13:48:12.698'),
(245, 1003, 802, 201, 190, 11, '95%', '2022-06-24 13:48:37.652', '2022-06-24 13:48:37.652'),
(246, 1003, 802, 201, 189, 12, '94%', '2022-06-24 14:48:37.668', '2022-06-24 14:48:37.669'),
(247, 1003, 802, 201, 187, 14, '93%', '2022-06-24 14:49:37.120', '2022-06-24 14:49:37.121'),
(248, 1003, 802, 201, 191, 10, '95%', '2022-06-24 14:55:25.293', '2022-06-24 14:55:25.294'),
(249, 1003, 802, 201, 192, 9, '96%', '2022-06-24 15:11:46.783', '2022-06-24 15:11:46.784'),
(250, 1003, 702, 301, 288, 13, '96%', '2022-06-26 11:50:34.109', '2022-06-26 11:50:34.112'),
(251, 1003, 702, 301, 290, 11, '96%', '2022-06-26 11:50:58.729', '2022-06-26 11:50:58.730'),
(252, 1003, 702, 301, 290, 11, '96%', '2022-06-26 11:51:10.198', '2022-06-26 11:51:10.199'),
(253, 1003, 702, 301, 288, 13, '96%', '2022-06-26 12:13:13.804', '2022-06-26 12:13:13.805'),
(254, 1003, 702, 301, 287, 14, '95%', '2022-06-26 12:25:27.915', '2022-06-26 12:25:27.917'),
(255, 1003, 802, 201, 193, 8, '96%', '2022-06-26 12:48:31.134', '2022-06-26 12:48:31.135'),
(256, 1003, 903, 101, 96, 5, '95%', '2022-06-26 12:58:06.172', '2022-06-26 12:58:06.172'),
(257, 1003, 702, 301, 288, 13, '96%', '2022-06-26 13:06:42.367', '2022-06-26 13:06:42.368'),
(258, 1003, 702, 301, 289, 12, '96%', '2022-06-26 13:11:53.064', '2022-06-26 13:11:53.065'),
(259, 1003, 702, 301, 291, 10, '97%', '2022-06-26 13:11:54.942', '2022-06-26 13:11:54.943'),
(260, 1003, 702, 301, 277, 24, '92%', '2022-06-26 13:15:10.769', '2022-06-26 13:15:10.771'),
(261, 1003, 702, 301, 285, 16, '95%', '2022-06-26 13:20:52.488', '2022-06-26 13:20:52.489');

-- --------------------------------------------------------

--
-- Table structure for table `hasilujisalah`
--

CREATE TABLE `hasilujisalah` (
  `id` int(11) NOT NULL,
  `pm10` int(11) NOT NULL,
  `so2` int(11) NOT NULL,
  `co` int(11) NOT NULL,
  `o3` int(11) NOT NULL,
  `no2` int(11) NOT NULL,
  `kategori` varchar(191) COLLATE utf8mb4_unicode_ci NOT NULL,
  `knn` varchar(191) COLLATE utf8mb4_unicode_ci NOT NULL,
  `createdAt` datetime(3) NOT NULL DEFAULT current_timestamp(3),
  `updatedAt` datetime(3) NOT NULL,
  `hasilTrainingId` int(11) DEFAULT NULL
) ENGINE=InnoDB DEFAULT CHARSET=utf8mb4 COLLATE=utf8mb4_unicode_ci;

--
-- Dumping data for table `hasilujisalah`
--

INSERT INTO `hasilujisalah` (`id`, `pm10`, `so2`, `co`, `o3`, `no2`, `kategori`, `knn`, `createdAt`, `updatedAt`, `hasilTrainingId`) VALUES
(1, 69, 19, 10, 91, 14, 'TIDAK SEHAT', 'SEDANG', '2022-06-24 14:48:37.668', '2022-06-24 14:48:37.669', 246),
(2, 46, 18, 3, 41, 9, 'BAIK', 'SEDANG', '2022-06-24 14:48:37.668', '2022-06-24 14:48:37.669', 246),
(3, 47, 7, 16, 45, 8, 'BAIK', 'SEDANG', '2022-06-24 14:48:37.668', '2022-06-24 14:48:37.669', 246),
(4, 50, 22, 10, 28, 4, 'BAIK', 'SEDANG', '2022-06-24 14:48:37.668', '2022-06-24 14:48:37.669', 246),
(5, 76, 14, 62, 110, 10, 'TIDAK SEHAT', 'SEDANG', '2022-06-24 14:48:37.668', '2022-06-24 14:48:37.669', 246),
(6, 50, 38, 18, 47, 6, 'BAIK', 'SEDANG', '2022-06-24 14:48:37.668', '2022-06-24 14:48:37.669', 246),
(7, 50, 14, 31, 44, 12, 'BAIK', 'SEDANG', '2022-06-24 14:48:37.668', '2022-06-24 14:48:37.669', 246),
(8, 53, 9, 24, 31, 16, 'SEDANG', 'BAIK', '2022-06-24 14:48:37.668', '2022-06-24 14:48:37.669', 246),
(9, 53, 8, 13, 35, 6, 'SEDANG', 'BAIK', '2022-06-24 14:48:37.668', '2022-06-24 14:48:37.669', 246),
(10, 43, 20, 18, 106, 8, 'TIDAK SEHAT', 'SEDANG', '2022-06-24 14:48:37.668', '2022-06-24 14:48:37.669', 246),
(11, 22, 15, 24, 102, 7, 'TIDAK SEHAT', 'SEDANG', '2022-06-24 14:48:37.668', '2022-06-24 14:48:37.669', 246),
(12, 59, 18, 7, 99, 18, 'SEDANG', 'TIDAK SEHAT', '2022-06-24 14:48:37.668', '2022-06-24 14:48:37.669', 246),
(13, 60, 18, 12, 102, 11, 'TIDAK SEHAT', 'SEDANG', '2022-06-24 14:49:37.120', '2022-06-24 14:49:37.121', 247),
(14, 35, 29, 10, 52, 5, 'SEDANG', 'BAIK', '2022-06-24 14:49:37.120', '2022-06-24 14:49:37.121', 247),
(15, 25, 16, 15, 51, 4, 'SEDANG', 'BAIK', '2022-06-24 14:49:37.120', '2022-06-24 14:49:37.121', 247),
(16, 34, 24, 15, 50, 4, 'BAIK', 'SEDANG', '2022-06-24 14:49:37.120', '2022-06-24 14:49:37.121', 247),
(17, 48, 4, 8, 51, 10, 'SEDANG', 'BAIK', '2022-06-24 14:49:37.120', '2022-06-24 14:49:37.121', 247),
(18, 26, 7, 13, 51, 5, 'SEDANG', 'BAIK', '2022-06-24 14:49:37.120', '2022-06-24 14:49:37.121', 247),
(19, 43, 20, 18, 106, 8, 'TIDAK SEHAT', 'SEDANG', '2022-06-24 14:49:37.120', '2022-06-24 14:49:37.121', 247),
(20, 43, 21, 24, 50, 8, 'BAIK', 'SEDANG', '2022-06-24 14:49:37.120', '2022-06-24 14:49:37.121', 247),
(21, 42, 3, 10, 52, 8, 'SEDANG', 'BAIK', '2022-06-24 14:49:37.120', '2022-06-24 14:49:37.121', 247),
(22, 48, 14, 9, 49, 5, 'BAIK', 'SEDANG', '2022-06-24 14:49:37.120', '2022-06-24 14:49:37.121', 247),
(23, 48, 19, 5, 44, 9, 'SEDANG', 'BAIK', '2022-06-24 14:49:37.120', '2022-06-24 14:49:37.121', 247),
(24, 48, 19, 23, 50, 9, 'BAIK', 'SEDANG', '2022-06-24 14:49:37.120', '2022-06-24 14:49:37.121', 247),
(25, 49, 15, 27, 49, 6, 'BAIK', 'SEDANG', '2022-06-24 14:49:37.120', '2022-06-24 14:49:37.121', 247),
(26, 109, 27, 13, 87, 5, 'TIDAK SEHAT', 'SEDANG', '2022-06-24 14:49:37.120', '2022-06-24 14:49:37.121', 247),
(27, 33, 38, 11, 51, 3, 'SEDANG', 'BAIK', '2022-06-24 14:55:25.293', '2022-06-24 14:55:25.294', 248),
(28, 47, 7, 16, 45, 8, 'BAIK', 'SEDANG', '2022-06-24 14:55:25.293', '2022-06-24 14:55:25.294', 248),
(29, 46, 18, 3, 41, 9, 'BAIK', 'SEDANG', '2022-06-24 14:55:25.293', '2022-06-24 14:55:25.294', 248),
(30, 48, 8, 11, 32, 6, 'BAIK', 'SEDANG', '2022-06-24 14:55:25.293', '2022-06-24 14:55:25.294', 248),
(31, 42, 3, 10, 52, 8, 'SEDANG', 'BAIK', '2022-06-24 14:55:25.293', '2022-06-24 14:55:25.294', 248),
(32, 50, 9, 14, 30, 6, 'BAIK', 'SEDANG', '2022-06-24 14:55:25.293', '2022-06-24 14:55:25.294', 248),
(33, 25, 16, 15, 51, 4, 'SEDANG', 'BAIK', '2022-06-24 14:55:25.293', '2022-06-24 14:55:25.294', 248),
(34, 50, 22, 10, 28, 4, 'BAIK', 'SEDANG', '2022-06-24 14:55:25.293', '2022-06-24 14:55:25.294', 248),
(35, 74, 19, 21, 103, 8, 'TIDAK SEHAT', 'SEDANG', '2022-06-24 14:55:25.293', '2022-06-24 14:55:25.294', 248),
(36, 69, 19, 10, 91, 14, 'TIDAK SEHAT', 'SEDANG', '2022-06-24 14:55:25.293', '2022-06-24 14:55:25.294', 248),
(37, 25, 22, 9, 52, 4, 'SEDANG', 'BAIK', '2022-06-24 15:11:46.783', '2022-06-24 15:11:46.784', 249),
(38, 49, 11, 23, 38, 19, 'BAIK', 'SEDANG', '2022-06-24 15:11:46.783', '2022-06-24 15:11:46.784', 249),
(39, 50, 9, 26, 32, 18, 'BAIK', 'SEDANG', '2022-06-24 15:11:46.784', '2022-06-24 15:11:46.784', 249),
(40, 74, 19, 21, 103, 8, 'TIDAK SEHAT', 'SEDANG', '2022-06-24 15:11:46.784', '2022-06-24 15:11:46.784', 249),
(41, 61, 8, 16, 101, 10, 'TIDAK SEHAT', 'SEDANG', '2022-06-24 15:11:46.784', '2022-06-24 15:11:46.784', 249),
(42, 59, 18, 7, 99, 18, 'SEDANG', 'TIDAK SEHAT', '2022-06-24 15:11:46.784', '2022-06-24 15:11:46.784', 249),
(43, 22, 15, 24, 102, 7, 'TIDAK SEHAT', 'SEDANG', '2022-06-24 15:11:46.784', '2022-06-24 15:11:46.784', 249),
(44, 44, 19, 3, 35, 6, 'SEDANG', 'BAIK', '2022-06-24 15:11:46.784', '2022-06-24 15:11:46.784', 249),
(45, 51, 15, 38, 46, 9, 'SEDANG', 'BAIK', '2022-06-24 15:11:46.784', '2022-06-24 15:11:46.784', 249),
(46, 66, 19, 7, 107, 14, 'TIDAK SEHAT', 'SEDANG', '2022-06-26 11:50:34.109', '2022-06-26 11:50:34.112', 250),
(47, 68, 17, 7, 104, 12, 'TIDAK SEHAT', 'SEDANG', '2022-06-26 11:50:34.109', '2022-06-26 11:50:34.112', 250),
(48, 60, 18, 12, 102, 11, 'TIDAK SEHAT', 'SEDANG', '2022-06-26 11:50:34.109', '2022-06-26 11:50:34.112', 250),
(49, 64, 20, 13, 101, 14, 'TIDAK SEHAT', 'SEDANG', '2022-06-26 11:50:34.109', '2022-06-26 11:50:34.112', 250),
(50, 50, 17, 13, 37, 8, 'BAIK', 'SEDANG', '2022-06-26 11:50:34.109', '2022-06-26 11:50:34.112', 250),
(51, 48, 14, 9, 49, 5, 'BAIK', 'SEDANG', '2022-06-26 11:50:34.109', '2022-06-26 11:50:34.112', 250),
(52, 36, 17, 8, 52, 5, 'SEDANG', 'BAIK', '2022-06-26 11:50:34.109', '2022-06-26 11:50:34.112', 250),
(53, 50, 19, 4, 44, 10, 'BAIK', 'SEDANG', '2022-06-26 11:50:34.109', '2022-06-26 11:50:34.112', 250),
(54, 78, 21, 23, 102, 16, 'TIDAK SEHAT', 'SEDANG', '2022-06-26 11:50:34.109', '2022-06-26 11:50:34.112', 250),
(55, 74, 19, 21, 103, 8, 'TIDAK SEHAT', 'SEDANG', '2022-06-26 11:50:34.109', '2022-06-26 11:50:34.112', 250),
(56, 45, 18, 4, 49, 10, 'SEDANG', 'BAIK', '2022-06-26 11:50:34.109', '2022-06-26 11:50:34.112', 250),
(57, 44, 19, 3, 35, 6, 'SEDANG', 'BAIK', '2022-06-26 11:50:34.109', '2022-06-26 11:50:34.112', 250),
(58, 69, 19, 10, 91, 14, 'TIDAK SEHAT', 'SEDANG', '2022-06-26 11:50:34.110', '2022-06-26 11:50:34.112', 250),
(59, 68, 17, 7, 104, 12, 'TIDAK SEHAT', 'SEDANG', '2022-06-26 11:50:58.729', '2022-06-26 11:50:58.730', 251),
(60, 60, 18, 12, 102, 11, 'TIDAK SEHAT', 'SEDANG', '2022-06-26 11:50:58.730', '2022-06-26 11:50:58.730', 251),
(61, 50, 17, 13, 37, 8, 'BAIK', 'SEDANG', '2022-06-26 11:50:58.730', '2022-06-26 11:50:58.730', 251),
(62, 52, 27, 5, 26, 4, 'SEDANG', 'BAIK', '2022-06-26 11:50:58.730', '2022-06-26 11:50:58.730', 251),
(63, 36, 17, 8, 52, 5, 'SEDANG', 'BAIK', '2022-06-26 11:50:58.730', '2022-06-26 11:50:58.730', 251),
(64, 50, 19, 4, 44, 10, 'BAIK', 'SEDANG', '2022-06-26 11:50:58.730', '2022-06-26 11:50:58.730', 251),
(65, 78, 21, 23, 102, 16, 'TIDAK SEHAT', 'SEDANG', '2022-06-26 11:50:58.730', '2022-06-26 11:50:58.730', 251),
(66, 74, 19, 21, 103, 8, 'TIDAK SEHAT', 'SEDANG', '2022-06-26 11:50:58.730', '2022-06-26 11:50:58.730', 251),
(67, 45, 18, 4, 49, 10, 'SEDANG', 'BAIK', '2022-06-26 11:50:58.730', '2022-06-26 11:50:58.730', 251),
(68, 44, 19, 3, 35, 6, 'SEDANG', 'BAIK', '2022-06-26 11:50:58.730', '2022-06-26 11:50:58.730', 251),
(69, 69, 19, 10, 91, 14, 'TIDAK SEHAT', 'SEDANG', '2022-06-26 11:50:58.730', '2022-06-26 11:50:58.730', 251),
(70, 68, 17, 7, 104, 12, 'TIDAK SEHAT', 'SEDANG', '2022-06-26 11:51:10.198', '2022-06-26 11:51:10.199', 252),
(71, 60, 18, 12, 102, 11, 'TIDAK SEHAT', 'SEDANG', '2022-06-26 11:51:10.198', '2022-06-26 11:51:10.199', 252),
(72, 50, 17, 13, 37, 8, 'BAIK', 'SEDANG', '2022-06-26 11:51:10.198', '2022-06-26 11:51:10.199', 252),
(73, 52, 27, 5, 26, 4, 'SEDANG', 'BAIK', '2022-06-26 11:51:10.198', '2022-06-26 11:51:10.199', 252),
(74, 36, 17, 8, 52, 5, 'SEDANG', 'BAIK', '2022-06-26 11:51:10.198', '2022-06-26 11:51:10.199', 252),
(75, 50, 19, 4, 44, 10, 'BAIK', 'SEDANG', '2022-06-26 11:51:10.198', '2022-06-26 11:51:10.199', 252),
(76, 78, 21, 23, 102, 16, 'TIDAK SEHAT', 'SEDANG', '2022-06-26 11:51:10.198', '2022-06-26 11:51:10.199', 252),
(77, 74, 19, 21, 103, 8, 'TIDAK SEHAT', 'SEDANG', '2022-06-26 11:51:10.198', '2022-06-26 11:51:10.199', 252),
(78, 45, 18, 4, 49, 10, 'SEDANG', 'BAIK', '2022-06-26 11:51:10.198', '2022-06-26 11:51:10.199', 252),
(79, 44, 19, 3, 35, 6, 'SEDANG', 'BAIK', '2022-06-26 11:51:10.198', '2022-06-26 11:51:10.199', 252),
(80, 69, 19, 10, 91, 14, 'TIDAK SEHAT', 'SEDANG', '2022-06-26 11:51:10.198', '2022-06-26 11:51:10.199', 252),
(81, 66, 19, 7, 107, 14, 'TIDAK SEHAT', 'SEDANG', '2022-06-26 12:13:13.804', '2022-06-26 12:13:13.805', 253),
(82, 68, 17, 7, 104, 12, 'TIDAK SEHAT', 'SEDANG', '2022-06-26 12:13:13.804', '2022-06-26 12:13:13.805', 253),
(83, 60, 18, 12, 102, 11, 'TIDAK SEHAT', 'SEDANG', '2022-06-26 12:13:13.804', '2022-06-26 12:13:13.805', 253),
(84, 64, 20, 13, 101, 14, 'TIDAK SEHAT', 'SEDANG', '2022-06-26 12:13:13.804', '2022-06-26 12:13:13.805', 253),
(85, 50, 17, 13, 37, 8, 'BAIK', 'SEDANG', '2022-06-26 12:13:13.804', '2022-06-26 12:13:13.805', 253),
(86, 48, 14, 9, 49, 5, 'BAIK', 'SEDANG', '2022-06-26 12:13:13.804', '2022-06-26 12:13:13.805', 253),
(87, 36, 17, 8, 52, 5, 'SEDANG', 'BAIK', '2022-06-26 12:13:13.804', '2022-06-26 12:13:13.805', 253),
(88, 50, 19, 4, 44, 10, 'BAIK', 'SEDANG', '2022-06-26 12:13:13.804', '2022-06-26 12:13:13.805', 253),
(89, 78, 21, 23, 102, 16, 'TIDAK SEHAT', 'SEDANG', '2022-06-26 12:13:13.804', '2022-06-26 12:13:13.805', 253),
(90, 74, 19, 21, 103, 8, 'TIDAK SEHAT', 'SEDANG', '2022-06-26 12:13:13.804', '2022-06-26 12:13:13.805', 253),
(91, 45, 18, 4, 49, 10, 'SEDANG', 'BAIK', '2022-06-26 12:13:13.804', '2022-06-26 12:13:13.805', 253),
(92, 44, 19, 3, 35, 6, 'SEDANG', 'BAIK', '2022-06-26 12:13:13.804', '2022-06-26 12:13:13.805', 253),
(93, 69, 19, 10, 91, 14, 'TIDAK SEHAT', 'SEDANG', '2022-06-26 12:13:13.804', '2022-06-26 12:13:13.805', 253),
(94, 66, 19, 7, 107, 14, 'TIDAK SEHAT', 'SEDANG', '2022-06-26 12:25:27.915', '2022-06-26 12:25:27.917', 254),
(95, 68, 17, 7, 104, 12, 'TIDAK SEHAT', 'SEDANG', '2022-06-26 12:25:27.915', '2022-06-26 12:25:27.917', 254),
(96, 60, 18, 12, 102, 11, 'TIDAK SEHAT', 'SEDANG', '2022-06-26 12:25:27.915', '2022-06-26 12:25:27.917', 254),
(97, 64, 20, 13, 101, 14, 'TIDAK SEHAT', 'SEDANG', '2022-06-26 12:25:27.915', '2022-06-26 12:25:27.917', 254),
(98, 50, 17, 13, 37, 8, 'BAIK', 'SEDANG', '2022-06-26 12:25:27.915', '2022-06-26 12:25:27.917', 254),
(99, 48, 14, 9, 49, 5, 'BAIK', 'SEDANG', '2022-06-26 12:25:27.915', '2022-06-26 12:25:27.917', 254),
(100, 36, 17, 8, 52, 5, 'SEDANG', 'BAIK', '2022-06-26 12:25:27.915', '2022-06-26 12:25:27.917', 254),
(101, 50, 19, 4, 44, 10, 'BAIK', 'SEDANG', '2022-06-26 12:25:27.915', '2022-06-26 12:25:27.917', 254),
(102, 46, 18, 3, 41, 9, 'BAIK', 'SEDANG', '2022-06-26 12:25:27.915', '2022-06-26 12:25:27.917', 254),
(103, 78, 21, 23, 102, 16, 'TIDAK SEHAT', 'SEDANG', '2022-06-26 12:25:27.915', '2022-06-26 12:25:27.917', 254),
(104, 74, 19, 21, 103, 8, 'TIDAK SEHAT', 'SEDANG', '2022-06-26 12:25:27.915', '2022-06-26 12:25:27.917', 254),
(105, 45, 18, 4, 49, 10, 'SEDANG', 'BAIK', '2022-06-26 12:25:27.916', '2022-06-26 12:25:27.917', 254),
(106, 44, 19, 3, 35, 6, 'SEDANG', 'BAIK', '2022-06-26 12:25:27.916', '2022-06-26 12:25:27.917', 254),
(107, 69, 19, 10, 91, 14, 'TIDAK SEHAT', 'SEDANG', '2022-06-26 12:25:27.916', '2022-06-26 12:25:27.917', 254),
(108, 36, 17, 8, 52, 5, 'SEDANG', 'BAIK', '2022-06-26 12:48:31.134', '2022-06-26 12:48:31.135', 255),
(109, 50, 19, 4, 44, 10, 'BAIK', 'SEDANG', '2022-06-26 12:48:31.134', '2022-06-26 12:48:31.135', 255),
(110, 78, 21, 23, 102, 16, 'TIDAK SEHAT', 'SEDANG', '2022-06-26 12:48:31.134', '2022-06-26 12:48:31.135', 255),
(111, 74, 19, 21, 103, 8, 'TIDAK SEHAT', 'SEDANG', '2022-06-26 12:48:31.134', '2022-06-26 12:48:31.135', 255),
(112, 59, 18, 7, 99, 18, 'SEDANG', 'TIDAK SEHAT', '2022-06-26 12:48:31.134', '2022-06-26 12:48:31.135', 255),
(113, 45, 18, 4, 49, 10, 'SEDANG', 'BAIK', '2022-06-26 12:48:31.134', '2022-06-26 12:48:31.135', 255),
(114, 44, 19, 3, 35, 6, 'SEDANG', 'BAIK', '2022-06-26 12:48:31.134', '2022-06-26 12:48:31.135', 255),
(115, 69, 19, 10, 91, 14, 'TIDAK SEHAT', 'SEDANG', '2022-06-26 12:48:31.135', '2022-06-26 12:48:31.135', 255),
(116, 48, 19, 5, 44, 9, 'SEDANG', 'BAIK', '2022-06-26 12:58:06.172', '2022-06-26 12:58:06.172', 256),
(117, 59, 18, 7, 99, 18, 'SEDANG', 'TIDAK SEHAT', '2022-06-26 12:58:06.172', '2022-06-26 12:58:06.172', 256),
(118, 45, 18, 4, 49, 10, 'SEDANG', 'BAIK', '2022-06-26 12:58:06.172', '2022-06-26 12:58:06.172', 256),
(119, 44, 19, 3, 35, 6, 'SEDANG', 'BAIK', '2022-06-26 12:58:06.172', '2022-06-26 12:58:06.172', 256),
(120, 69, 19, 10, 91, 14, 'TIDAK SEHAT', 'SEDANG', '2022-06-26 12:58:06.172', '2022-06-26 12:58:06.172', 256),
(121, 25, 22, 9, 52, 4, 'SEDANG', 'BAIK', '2022-06-26 13:06:42.367', '2022-06-26 13:06:42.368', 257),
(122, 49, 15, 27, 49, 6, 'BAIK', 'SEDANG', '2022-06-26 13:06:42.367', '2022-06-26 13:06:42.368', 257),
(123, 51, 15, 38, 46, 9, 'SEDANG', 'BAIK', '2022-06-26 13:06:42.367', '2022-06-26 13:06:42.368', 257),
(124, 33, 38, 11, 51, 3, 'SEDANG', 'BAIK', '2022-06-26 13:06:42.367', '2022-06-26 13:06:42.368', 257),
(125, 48, 14, 9, 49, 5, 'BAIK', 'SEDANG', '2022-06-26 13:06:42.367', '2022-06-26 13:06:42.368', 257),
(126, 48, 14, 7, 46, 9, 'BAIK', 'SEDANG', '2022-06-26 13:06:42.367', '2022-06-26 13:06:42.368', 257),
(127, 22, 15, 24, 102, 7, 'TIDAK SEHAT', 'SEDANG', '2022-06-26 13:06:42.367', '2022-06-26 13:06:42.368', 257),
(128, 111, 31, 25, 58, 10, 'TIDAK SEHAT', 'SEDANG', '2022-06-26 13:06:42.367', '2022-06-26 13:06:42.368', 257),
(129, 35, 29, 10, 52, 5, 'SEDANG', 'BAIK', '2022-06-26 13:06:42.367', '2022-06-26 13:06:42.368', 257),
(130, 51, 7, 16, 39, 10, 'SEDANG', 'BAIK', '2022-06-26 13:06:42.367', '2022-06-26 13:06:42.368', 257),
(131, 50, 38, 18, 47, 6, 'BAIK', 'SEDANG', '2022-06-26 13:06:42.367', '2022-06-26 13:06:42.368', 257),
(132, 41, 18, 17, 52, 7, 'SEDANG', 'BAIK', '2022-06-26 13:06:42.367', '2022-06-26 13:06:42.368', 257),
(133, 51, 8, 17, 48, 8, 'SEDANG', 'BAIK', '2022-06-26 13:06:42.367', '2022-06-26 13:06:42.368', 257),
(134, 55, 10, 21, 25, 7, 'SEDANG', 'BAIK', '2022-06-26 13:11:53.064', '2022-06-26 13:11:53.065', 258),
(135, 51, 6, 25, 21, 18, 'SEDANG', 'BAIK', '2022-06-26 13:11:53.064', '2022-06-26 13:11:53.065', 258),
(136, 26, 7, 13, 51, 5, 'SEDANG', 'BAIK', '2022-06-26 13:11:53.064', '2022-06-26 13:11:53.065', 258),
(137, 111, 31, 25, 58, 10, 'TIDAK SEHAT', 'SEDANG', '2022-06-26 13:11:53.064', '2022-06-26 13:11:53.065', 258),
(138, 51, 15, 8, 49, 6, 'SEDANG', 'BAIK', '2022-06-26 13:11:53.064', '2022-06-26 13:11:53.065', 258),
(139, 43, 2, 8, 54, 9, 'SEDANG', 'BAIK', '2022-06-26 13:11:53.064', '2022-06-26 13:11:53.065', 258),
(140, 46, 18, 3, 41, 9, 'BAIK', 'SEDANG', '2022-06-26 13:11:53.064', '2022-06-26 13:11:53.065', 258),
(141, 49, 15, 27, 49, 6, 'BAIK', 'SEDANG', '2022-06-26 13:11:53.064', '2022-06-26 13:11:53.065', 258),
(142, 42, 3, 10, 52, 8, 'SEDANG', 'BAIK', '2022-06-26 13:11:53.064', '2022-06-26 13:11:53.065', 258),
(143, 25, 16, 15, 51, 4, 'SEDANG', 'BAIK', '2022-06-26 13:11:53.064', '2022-06-26 13:11:53.065', 258),
(144, 52, 16, 7, 41, 10, 'SEDANG', 'BAIK', '2022-06-26 13:11:53.065', '2022-06-26 13:11:53.065', 258),
(145, 51, 7, 7, 34, 9, 'SEDANG', 'BAIK', '2022-06-26 13:11:53.065', '2022-06-26 13:11:53.065', 258),
(146, 48, 19, 5, 24, 11, 'BAIK', 'SEDANG', '2022-06-26 13:11:54.942', '2022-06-26 13:11:54.943', 259),
(147, 25, 22, 9, 52, 4, 'SEDANG', 'BAIK', '2022-06-26 13:11:54.942', '2022-06-26 13:11:54.943', 259),
(148, 50, 12, 10, 34, 8, 'BAIK', 'SEDANG', '2022-06-26 13:11:54.942', '2022-06-26 13:11:54.943', 259),
(149, 69, 19, 10, 91, 14, 'TIDAK SEHAT', 'SEDANG', '2022-06-26 13:11:54.942', '2022-06-26 13:11:54.943', 259),
(150, 45, 4, 8, 37, 9, 'BAIK', 'SEDANG', '2022-06-26 13:11:54.942', '2022-06-26 13:11:54.943', 259),
(151, 22, 15, 24, 102, 7, 'TIDAK SEHAT', 'SEDANG', '2022-06-26 13:11:54.942', '2022-06-26 13:11:54.943', 259),
(152, 59, 18, 7, 99, 18, 'SEDANG', 'TIDAK SEHAT', '2022-06-26 13:11:54.942', '2022-06-26 13:11:54.943', 259),
(153, 50, 14, 10, 45, 9, 'BAIK', 'SEDANG', '2022-06-26 13:11:54.942', '2022-06-26 13:11:54.943', 259),
(154, 48, 38, 14, 51, 5, 'SEDANG', 'BAIK', '2022-06-26 13:11:54.942', '2022-06-26 13:11:54.943', 259),
(155, 46, 18, 3, 41, 9, 'BAIK', 'SEDANG', '2022-06-26 13:11:54.942', '2022-06-26 13:11:54.943', 259),
(156, 43, 20, 18, 106, 8, 'TIDAK SEHAT', 'SEDANG', '2022-06-26 13:15:10.769', '2022-06-26 13:15:10.771', 260),
(157, 50, 19, 4, 44, 10, 'BAIK', 'SEDANG', '2022-06-26 13:15:10.769', '2022-06-26 13:15:10.771', 260),
(158, 76, 14, 62, 110, 10, 'TIDAK SEHAT', 'SEDANG', '2022-06-26 13:15:10.769', '2022-06-26 13:15:10.771', 260),
(159, 62, 15, 46, 108, 8, 'TIDAK SEHAT', 'SEDANG', '2022-06-26 13:15:10.769', '2022-06-26 13:15:10.771', 260),
(160, 50, 17, 13, 37, 8, 'BAIK', 'SEDANG', '2022-06-26 13:15:10.769', '2022-06-26 13:15:10.771', 260),
(161, 50, 22, 10, 28, 4, 'BAIK', 'SEDANG', '2022-06-26 13:15:10.769', '2022-06-26 13:15:10.771', 260),
(162, 43, 2, 8, 54, 9, 'SEDANG', 'BAIK', '2022-06-26 13:15:10.769', '2022-06-26 13:15:10.771', 260),
(163, 109, 27, 13, 87, 5, 'TIDAK SEHAT', 'SEDANG', '2022-06-26 13:15:10.769', '2022-06-26 13:15:10.771', 260),
(164, 49, 12, 17, 41, 2, 'BAIK', 'SEDANG', '2022-06-26 13:15:10.769', '2022-06-26 13:15:10.771', 260),
(165, 42, 3, 10, 52, 8, 'SEDANG', 'BAIK', '2022-06-26 13:15:10.769', '2022-06-26 13:15:10.771', 260),
(166, 27, 7, 7, 49, 9, 'BAIK', 'SEDANG', '2022-06-26 13:15:10.769', '2022-06-26 13:15:10.771', 260),
(167, 43, 38, 9, 43, 2, 'BAIK', 'SEDANG', '2022-06-26 13:15:10.769', '2022-06-26 13:15:10.771', 260),
(168, 51, 7, 7, 34, 9, 'SEDANG', 'BAIK', '2022-06-26 13:15:10.769', '2022-06-26 13:15:10.771', 260),
(169, 47, 7, 16, 45, 8, 'BAIK', 'SEDANG', '2022-06-26 13:15:10.769', '2022-06-26 13:15:10.771', 260),
(170, 52, 60, 19, 30, 8, 'SEDANG', 'BAIK', '2022-06-26 13:15:10.769', '2022-06-26 13:15:10.771', 260),
(171, 45, 18, 4, 49, 10, 'SEDANG', 'BAIK', '2022-06-26 13:15:10.769', '2022-06-26 13:15:10.771', 260),
(172, 50, 4, 3, 48, 9, 'BAIK', 'SEDANG', '2022-06-26 13:15:10.769', '2022-06-26 13:15:10.771', 260),
(173, 48, 14, 9, 49, 5, 'BAIK', 'SEDANG', '2022-06-26 13:15:10.769', '2022-06-26 13:15:10.771', 260),
(174, 46, 18, 3, 41, 9, 'BAIK', 'SEDANG', '2022-06-26 13:15:10.769', '2022-06-26 13:15:10.771', 260),
(175, 53, 9, 24, 31, 16, 'SEDANG', 'BAIK', '2022-06-26 13:15:10.769', '2022-06-26 13:15:10.771', 260),
(176, 22, 15, 24, 102, 7, 'TIDAK SEHAT', 'SEDANG', '2022-06-26 13:15:10.769', '2022-06-26 13:15:10.771', 260),
(177, 111, 31, 25, 58, 10, 'TIDAK SEHAT', 'SEDANG', '2022-06-26 13:15:10.769', '2022-06-26 13:15:10.771', 260),
(178, 47, 10, 20, 44, 5, 'BAIK', 'SEDANG', '2022-06-26 13:15:10.769', '2022-06-26 13:15:10.771', 260),
(179, 50, 14, 10, 45, 9, 'BAIK', 'SEDANG', '2022-06-26 13:15:10.769', '2022-06-26 13:15:10.771', 260),
(180, 50, 22, 14, 49, 5, 'BAIK', 'SEDANG', '2022-06-26 13:20:52.488', '2022-06-26 13:20:52.489', 261),
(181, 43, 21, 24, 50, 8, 'BAIK', 'SEDANG', '2022-06-26 13:20:52.488', '2022-06-26 13:20:52.489', 261),
(182, 51, 6, 25, 21, 18, 'SEDANG', 'BAIK', '2022-06-26 13:20:52.488', '2022-06-26 13:20:52.489', 261),
(183, 51, 15, 38, 46, 9, 'SEDANG', 'BAIK', '2022-06-26 13:20:52.488', '2022-06-26 13:20:52.489', 261),
(184, 45, 36, 25, 46, 5, 'BAIK', 'SEDANG', '2022-06-26 13:20:52.488', '2022-06-26 13:20:52.489', 261),
(185, 76, 14, 62, 110, 10, 'TIDAK SEHAT', 'SEDANG', '2022-06-26 13:20:52.488', '2022-06-26 13:20:52.489', 261),
(186, 59, 18, 7, 99, 18, 'SEDANG', 'TIDAK SEHAT', '2022-06-26 13:20:52.488', '2022-06-26 13:20:52.489', 261),
(187, 50, 19, 4, 44, 10, 'BAIK', 'SEDANG', '2022-06-26 13:20:52.488', '2022-06-26 13:20:52.489', 261),
(188, 61, 8, 16, 101, 10, 'TIDAK SEHAT', 'SEDANG', '2022-06-26 13:20:52.488', '2022-06-26 13:20:52.489', 261),
(189, 55, 15, 29, 50, 10, 'SEDANG', 'BAIK', '2022-06-26 13:20:52.488', '2022-06-26 13:20:52.489', 261),
(190, 34, 24, 15, 50, 4, 'BAIK', 'SEDANG', '2022-06-26 13:20:52.488', '2022-06-26 13:20:52.489', 261),
(191, 48, 19, 23, 50, 9, 'BAIK', 'SEDANG', '2022-06-26 13:20:52.488', '2022-06-26 13:20:52.489', 261),
(192, 50, 9, 14, 30, 6, 'BAIK', 'SEDANG', '2022-06-26 13:20:52.488', '2022-06-26 13:20:52.489', 261),
(193, 52, 27, 5, 26, 4, 'SEDANG', 'BAIK', '2022-06-26 13:20:52.488', '2022-06-26 13:20:52.489', 261),
(194, 48, 15, 24, 50, 6, 'BAIK', 'SEDANG', '2022-06-26 13:20:52.488', '2022-06-26 13:20:52.489', 261),
(195, 52, 7, 24, 41, 16, 'SEDANG', 'BAIK', '2022-06-26 13:20:52.488', '2022-06-26 13:20:52.489', 261);

-- --------------------------------------------------------

--
-- Table structure for table `klasifikasi`
--

CREATE TABLE `klasifikasi` (
  `id` int(11) NOT NULL,
  `kategori` varchar(191) COLLATE utf8mb4_unicode_ci NOT NULL,
  `dataUjiId` int(11) DEFAULT NULL,
  `co` int(11) NOT NULL,
  `no2` int(11) NOT NULL,
  `o3` int(11) NOT NULL,
  `pm10` int(11) NOT NULL,
  `so2` int(11) NOT NULL,
  `konfirmasi` tinyint(1) NOT NULL DEFAULT 0
) ENGINE=InnoDB DEFAULT CHARSET=utf8mb4 COLLATE=utf8mb4_unicode_ci;

--
-- Dumping data for table `klasifikasi`
--

INSERT INTO `klasifikasi` (`id`, `kategori`, `dataUjiId`, `co`, `no2`, `o3`, `pm10`, `so2`, `konfirmasi`) VALUES
(4, 'BAIK', 3, 39, 4, 43, 32, 21, 0);

-- --------------------------------------------------------

--
-- Table structure for table `knnklasifikasi`
--

CREATE TABLE `knnklasifikasi` (
  `id` int(11) NOT NULL,
  `pm10` int(11) NOT NULL,
  `so2` int(11) NOT NULL,
  `o3` int(11) NOT NULL,
  `no2` int(11) NOT NULL,
  `kategori` varchar(191) COLLATE utf8mb4_unicode_ci NOT NULL,
  `sesuai` tinyint(1) NOT NULL DEFAULT 1,
  `createdAt` datetime(3) NOT NULL DEFAULT current_timestamp(3),
  `updatedAt` datetime(3) NOT NULL,
  `co` int(11) NOT NULL
) ENGINE=InnoDB DEFAULT CHARSET=utf8mb4 COLLATE=utf8mb4_unicode_ci;

--
-- Dumping data for table `knnklasifikasi`
--

INSERT INTO `knnklasifikasi` (`id`, `pm10`, `so2`, `o3`, `no2`, `kategori`, `sesuai`, `createdAt`, `updatedAt`, `co`) VALUES
(39, 43, 8, 32, 9, 'BAIK', 1, '2022-03-29 03:38:13.224', '2022-05-31 07:18:30.790', 19),
(145, 30, 20, 32, 9, 'BAIK', 1, '2022-06-07 03:18:18.893', '2022-06-07 03:18:18.912', 10),
(146, 27, 22, 29, 8, 'BAIK', 1, '2022-06-07 03:18:18.893', '2022-06-07 03:18:18.913', 12),
(147, 39, 22, 32, 10, 'BAIK', 1, '2022-06-07 03:18:18.893', '2022-06-07 03:18:18.913', 14),
(148, 34, 22, 38, 10, 'BAIK', 1, '2022-06-07 03:18:18.894', '2022-06-07 03:18:18.913', 14),
(149, 35, 22, 31, 9, 'BAIK', 1, '2022-06-07 03:18:18.894', '2022-06-07 03:18:18.913', 12),
(150, 46, 23, 32, 9, 'BAIK', 1, '2022-06-07 03:18:18.894', '2022-06-07 03:18:18.913', 16),
(151, 37, 23, 33, 11, 'BAIK', 1, '2022-06-07 03:18:18.894', '2022-06-07 03:18:18.913', 26),
(152, 41, 26, 30, 11, 'BAIK', 1, '2022-06-07 03:18:18.894', '2022-06-07 03:18:18.913', 20),
(153, 52, 23, 24, 12, 'SEDANG', 1, '2022-06-07 03:18:18.894', '2022-06-07 03:18:18.913', 29),
(154, 24, 24, 25, 8, 'BAIK', 1, '2022-06-07 03:18:18.894', '2022-06-07 03:18:18.913', 18),
(155, 34, 31, 23, 8, 'BAIK', 1, '2022-06-07 03:18:18.894', '2022-06-07 03:18:18.913', 25),
(156, 27, 23, 33, 4, 'BAIK', 1, '2022-06-07 03:18:18.894', '2022-06-07 03:18:18.913', 9),
(157, 33, 26, 36, 8, 'BAIK', 1, '2022-06-07 03:18:18.894', '2022-06-07 03:18:18.913', 12),
(158, 34, 28, 27, 7, 'BAIK', 1, '2022-06-07 03:18:18.894', '2022-06-07 03:18:18.913', 13),
(159, 29, 22, 36, 8, 'BAIK', 1, '2022-06-07 03:18:18.894', '2022-06-07 03:18:18.913', 13),
(160, 52, 60, 30, 8, 'SEDANG', 1, '2022-06-07 03:18:18.894', '2022-06-07 03:18:18.913', 19),
(161, 51, 34, 74, 20, 'SEDANG', 1, '2022-06-07 03:18:18.894', '2022-06-07 03:18:18.913', 21),
(162, 37, 29, 31, 6, 'BAIK', 1, '2022-06-07 03:18:18.894', '2022-06-07 03:18:18.913', 14),
(163, 61, 34, 58, 15, 'SEDANG', 1, '2022-06-07 03:18:18.894', '2022-06-07 03:18:18.913', 36),
(164, 47, 30, 33, 9, 'BAIK', 1, '2022-06-07 03:18:18.894', '2022-06-07 03:18:18.913', 15),
(165, 30, 36, 26, 9, 'BAIK', 1, '2022-06-07 03:18:18.894', '2022-06-07 03:18:18.913', 14),
(166, 40, 36, 28, 15, 'BAIK', 1, '2022-06-07 03:18:18.894', '2022-06-07 03:18:18.913', 18),
(167, 49, 11, 38, 19, 'BAIK', 1, '2022-06-07 03:18:18.894', '2022-06-07 03:18:18.913', 23),
(168, 38, 12, 35, 20, 'BAIK', 1, '2022-06-07 03:18:18.894', '2022-06-07 03:18:18.913', 21),
(169, 44, 10, 25, 16, 'BAIK', 1, '2022-06-07 03:18:18.894', '2022-06-07 03:18:18.913', 22),
(170, 31, 7, 41, 5, 'BAIK', 1, '2022-06-07 03:18:18.894', '2022-06-07 03:18:18.913', 8),
(171, 23, 7, 35, 6, 'BAIK', 1, '2022-06-07 03:18:18.894', '2022-06-07 03:18:18.913', 9),
(172, 47, 7, 45, 8, 'BAIK', 1, '2022-06-07 03:18:18.894', '2022-06-07 03:18:18.913', 16),
(173, 45, 7, 44, 8, 'BAIK', 1, '2022-06-07 03:18:18.894', '2022-06-07 03:18:18.913', 10),
(174, 41, 7, 44, 6, 'BAIK', 1, '2022-06-07 03:18:18.894', '2022-06-07 03:18:18.913', 11),
(175, 54, 7, 41, 8, 'SEDANG', 1, '2022-06-07 03:18:18.894', '2022-06-07 03:18:18.913', 16),
(176, 46, 7, 45, 8, 'BAIK', 1, '2022-06-07 03:18:18.894', '2022-06-07 03:18:18.913', 30),
(177, 51, 8, 48, 8, 'SEDANG', 1, '2022-06-07 03:18:18.894', '2022-06-07 03:18:18.913', 17),
(178, 64, 7, 45, 10, 'SEDANG', 1, '2022-06-07 03:18:18.894', '2022-06-07 03:18:18.913', 24),
(179, 43, 8, 32, 9, 'BAIK', 1, '2022-06-07 03:18:18.894', '2022-06-07 03:18:18.913', 19),
(180, 44, 8, 35, 9, 'BAIK', 1, '2022-06-07 03:18:18.894', '2022-06-07 03:18:18.913', 20),
(181, 34, 7, 34, 5, 'BAIK', 1, '2022-06-07 03:18:18.894', '2022-06-07 03:18:18.913', 11),
(182, 37, 8, 35, 7, 'BAIK', 1, '2022-06-07 03:18:18.894', '2022-06-07 03:18:18.913', 9),
(183, 32, 8, 35, 9, 'BAIK', 1, '2022-06-07 03:18:18.894', '2022-06-07 03:18:18.913', 7),
(184, 33, 7, 37, 9, 'BAIK', 1, '2022-06-07 03:18:18.894', '2022-06-07 03:18:18.913', 11),
(185, 51, 7, 39, 10, 'SEDANG', 1, '2022-06-07 03:18:18.894', '2022-06-07 03:18:18.913', 16),
(186, 86, 14, 81, 11, 'SEDANG', 1, '2022-06-07 03:18:18.894', '2022-06-07 03:18:18.913', 26),
(187, 41, 7, 44, 7, 'BAIK', 1, '2022-06-07 03:18:18.894', '2022-06-07 03:18:18.913', 10),
(188, 73, 10, 92, 15, 'SEDANG', 1, '2022-06-07 03:18:18.894', '2022-06-07 03:18:18.913', 50),
(189, 53, 8, 35, 6, 'SEDANG', 1, '2022-06-07 03:18:18.894', '2022-06-07 03:18:18.913', 13),
(190, 34, 7, 30, 8, 'BAIK', 1, '2022-06-07 03:18:18.894', '2022-06-07 03:18:18.913', 11),
(191, 62, 10, 44, 7, 'SEDANG', 1, '2022-06-07 03:18:18.894', '2022-06-07 03:18:18.913', 15),
(192, 39, 8, 26, 8, 'BAIK', 1, '2022-06-07 03:18:18.894', '2022-06-07 03:18:18.913', 12),
(193, 55, 10, 25, 7, 'SEDANG', 1, '2022-06-07 03:18:18.894', '2022-06-07 03:18:18.913', 21),
(194, 30, 7, 28, 8, 'BAIK', 1, '2022-06-07 03:18:18.894', '2022-06-07 03:18:18.913', 24),
(195, 58, 12, 75, 7, 'SEDANG', 1, '2022-06-07 03:18:18.894', '2022-06-07 03:18:18.913', 30),
(196, 48, 11, 83, 7, 'SEDANG', 1, '2022-06-07 03:18:18.894', '2022-06-07 03:18:18.913', 10),
(197, 52, 8, 67, 6, 'SEDANG', 1, '2022-06-07 03:18:18.894', '2022-06-07 03:18:18.913', 19),
(198, 34, 7, 40, 7, 'BAIK', 1, '2022-06-07 03:18:18.894', '2022-06-07 03:18:18.913', 9),
(199, 53, 7, 35, 7, 'SEDANG', 1, '2022-06-07 03:18:18.894', '2022-06-07 03:18:18.913', 15),
(200, 52, 12, 57, 4, 'SEDANG', 1, '2022-06-07 03:18:18.894', '2022-06-07 03:18:18.913', 25),
(201, 62, 11, 46, 7, 'SEDANG', 1, '2022-06-07 03:18:18.894', '2022-06-07 03:18:18.913', 39),
(202, 47, 10, 44, 5, 'BAIK', 1, '2022-06-07 03:18:18.894', '2022-06-07 03:18:18.913', 20),
(203, 67, 11, 46, 13, 'SEDANG', 1, '2022-06-07 03:18:18.894', '2022-06-07 03:18:18.913', 58),
(204, 44, 11, 63, 6, 'SEDANG', 1, '2022-06-07 03:18:18.894', '2022-06-07 03:18:18.913', 16),
(205, 67, 11, 78, 12, 'SEDANG', 1, '2022-06-07 03:18:18.894', '2022-06-07 03:18:18.913', 41),
(206, 52, 12, 119, 12, 'TIDAK SEHAT', 1, '2022-06-07 03:18:18.894', '2022-06-07 03:18:18.913', 40),
(207, 44, 12, 60, 5, 'SEDANG', 1, '2022-06-07 03:18:18.894', '2022-06-07 03:18:18.913', 25),
(208, 76, 14, 110, 10, 'TIDAK SEHAT', 1, '2022-06-07 03:18:18.894', '2022-06-07 03:18:18.913', 62),
(209, 50, 12, 65, 6, 'SEDANG', 1, '2022-06-07 03:18:18.894', '2022-06-07 03:18:18.913', 20),
(210, 62, 12, 50, 15, 'SEDANG', 1, '2022-06-07 03:18:18.894', '2022-06-07 03:18:18.913', 41),
(211, 58, 12, 64, 13, 'SEDANG', 1, '2022-06-07 03:18:18.894', '2022-06-07 03:18:18.913', 43),
(212, 53, 14, 59, 6, 'SEDANG', 1, '2022-06-07 03:18:18.894', '2022-06-07 03:18:18.913', 24),
(213, 50, 14, 44, 12, 'BAIK', 1, '2022-06-07 03:18:18.894', '2022-06-07 03:18:18.913', 31),
(214, 40, 14, 35, 5, 'BAIK', 1, '2022-06-07 03:18:18.894', '2022-06-07 03:18:18.913', 34),
(215, 45, 15, 84, 9, 'SEDANG', 1, '2022-06-07 03:18:18.894', '2022-06-07 03:18:18.913', 43),
(216, 36, 14, 78, 11, 'SEDANG', 1, '2022-06-07 03:18:18.894', '2022-06-07 03:18:18.913', 29),
(217, 62, 13, 74, 9, 'SEDANG', 1, '2022-06-07 03:18:18.894', '2022-06-07 03:18:18.913', 39),
(218, 70, 13, 79, 10, 'SEDANG', 1, '2022-06-07 03:18:18.894', '2022-06-07 03:18:18.913', 42),
(219, 45, 14, 54, 8, 'SEDANG', 1, '2022-06-07 03:18:18.894', '2022-06-07 03:18:18.913', 27),
(220, 45, 36, 46, 5, 'BAIK', 1, '2022-06-07 03:18:18.894', '2022-06-07 03:18:18.913', 25),
(221, 51, 37, 46, 6, 'SEDANG', 1, '2022-06-07 03:18:18.894', '2022-06-07 03:18:18.913', 15),
(222, 48, 38, 51, 5, 'SEDANG', 1, '2022-06-07 03:18:18.895', '2022-06-07 03:18:18.913', 14),
(223, 40, 39, 50, 5, 'BAIK', 1, '2022-06-07 03:18:18.895', '2022-06-07 03:18:18.913', 19),
(224, 56, 37, 41, 6, 'SEDANG', 1, '2022-06-07 03:18:18.895', '2022-06-07 03:18:18.913', 33),
(225, 50, 38, 47, 6, 'BAIK', 1, '2022-06-07 03:18:18.895', '2022-06-07 03:18:18.913', 18),
(226, 52, 40, 47, 5, 'SEDANG', 1, '2022-06-07 03:18:18.895', '2022-06-07 03:18:18.913', 16),
(227, 82, 38, 30, 6, 'SEDANG', 1, '2022-06-07 03:18:18.895', '2022-06-07 03:18:18.913', 31),
(228, 44, 37, 33, 6, 'BAIK', 1, '2022-06-07 03:18:18.895', '2022-06-07 03:18:18.913', 18),
(229, 36, 38, 30, 5, 'BAIK', 1, '2022-06-07 03:18:18.895', '2022-06-07 03:18:18.913', 20),
(230, 43, 38, 43, 2, 'BAIK', 1, '2022-06-07 03:18:18.895', '2022-06-07 03:18:18.913', 9),
(231, 33, 38, 51, 3, 'SEDANG', 1, '2022-06-07 03:18:18.895', '2022-06-07 03:18:18.913', 11),
(232, 32, 32, 48, 6, 'BAIK', 1, '2022-06-07 03:18:18.895', '2022-06-07 03:18:18.913', 11),
(233, 35, 29, 52, 5, 'SEDANG', 1, '2022-06-07 03:18:18.895', '2022-06-07 03:18:18.913', 10),
(234, 70, 30, 63, 5, 'SEDANG', 1, '2022-06-07 03:18:18.895', '2022-06-07 03:18:18.913', 37),
(235, 71, 29, 125, 6, 'TIDAK SEHAT', 1, '2022-06-07 03:18:18.895', '2022-06-07 03:18:18.913', 36),
(236, 59, 30, 75, 6, 'SEDANG', 1, '2022-06-07 03:18:18.895', '2022-06-07 03:18:18.913', 15),
(237, 76, 31, 94, 5, 'SEDANG', 1, '2022-06-07 03:18:18.895', '2022-06-07 03:18:18.913', 71),
(238, 56, 31, 50, 7, 'SEDANG', 1, '2022-06-07 03:18:18.895', '2022-06-07 03:18:18.913', 13),
(239, 54, 30, 50, 4, 'SEDANG', 1, '2022-06-07 03:18:18.895', '2022-06-07 03:18:18.913', 17),
(240, 82, 31, 53, 5, 'SEDANG', 1, '2022-06-07 03:18:18.895', '2022-06-07 03:18:18.913', 25),
(241, 60, 32, 44, 7, 'SEDANG', 1, '2022-06-07 03:18:18.895', '2022-06-07 03:18:18.913', 20),
(242, 71, 30, 29, 5, 'SEDANG', 1, '2022-06-07 03:18:18.895', '2022-06-07 03:18:18.913', 22),
(243, 37, 29, 35, 3, 'BAIK', 1, '2022-06-07 03:18:18.895', '2022-06-07 03:18:18.913', 26),
(244, 63, 30, 71, 4, 'SEDANG', 1, '2022-06-07 03:18:18.895', '2022-06-07 03:18:18.913', 29),
(245, 47, 30, 73, 4, 'SEDANG', 1, '2022-06-07 03:18:18.895', '2022-06-07 03:18:18.913', 13),
(246, 63, 30, 92, 5, 'SEDANG', 1, '2022-06-07 03:18:18.895', '2022-06-07 03:18:18.913', 27),
(247, 33, 30, 80, 5, 'SEDANG', 1, '2022-06-07 03:18:18.895', '2022-06-07 03:18:18.913', 14),
(248, 56, 30, 37, 5, 'SEDANG', 1, '2022-06-07 03:18:18.895', '2022-06-07 03:18:18.913', 18),
(249, 22, 15, 102, 7, 'TIDAK SEHAT', 1, '2022-06-07 03:18:18.895', '2022-06-07 03:18:18.914', 24),
(250, 44, 17, 63, 7, 'SEDANG', 1, '2022-06-07 03:18:18.895', '2022-06-07 03:18:18.914', 21),
(251, 40, 18, 85, 9, 'SEDANG', 1, '2022-06-07 03:18:18.895', '2022-06-07 03:18:18.914', 19),
(252, 37, 21, 62, 5, 'SEDANG', 1, '2022-06-07 03:18:18.895', '2022-06-07 03:18:18.914', 18),
(253, 58, 18, 64, 9, 'SEDANG', 1, '2022-06-07 03:18:18.895', '2022-06-07 03:18:18.914', 28),
(254, 36, 18, 66, 9, 'SEDANG', 1, '2022-06-07 03:18:18.895', '2022-06-07 03:18:18.914', 39),
(255, 49, 21, 70, 10, 'SEDANG', 1, '2022-06-07 03:18:18.895', '2022-06-07 03:18:18.914', 22),
(256, 60, 14, 71, 11, 'SEDANG', 1, '2022-06-07 03:18:18.895', '2022-06-07 03:18:18.914', 41),
(257, 25, 17, 47, 7, 'BAIK', 1, '2022-06-07 03:18:18.895', '2022-06-07 03:18:18.914', 17),
(258, 36, 17, 80, 9, 'SEDANG', 1, '2022-06-07 03:18:18.895', '2022-06-07 03:18:18.914', 22),
(259, 24, 18, 46, 3, 'BAIK', 1, '2022-06-07 03:18:18.895', '2022-06-07 03:18:18.914', 13),
(260, 34, 24, 50, 4, 'BAIK', 1, '2022-06-07 03:18:18.895', '2022-06-07 03:18:18.914', 15),
(261, 40, 26, 33, 7, 'BAIK', 1, '2022-06-07 03:18:18.895', '2022-06-07 03:18:18.914', 17),
(262, 25, 16, 51, 4, 'SEDANG', 1, '2022-06-07 03:18:18.895', '2022-06-07 03:18:18.914', 15),
(263, 65, 18, 57, 5, 'SEDANG', 1, '2022-06-07 03:18:18.895', '2022-06-07 03:18:18.914', 30),
(264, 67, 20, 98, 10, 'SEDANG', 1, '2022-06-07 03:18:18.895', '2022-06-07 03:18:18.914', 35),
(265, 41, 18, 52, 7, 'SEDANG', 1, '2022-06-07 03:18:18.895', '2022-06-07 03:18:18.914', 17),
(266, 76, 18, 66, 7, 'SEDANG', 1, '2022-06-07 03:18:18.895', '2022-06-07 03:18:18.914', 50),
(267, 43, 16, 45, 8, 'BAIK', 1, '2022-06-07 03:18:18.895', '2022-06-07 03:18:18.914', 19),
(268, 52, 18, 41, 8, 'SEDANG', 1, '2022-06-07 03:18:18.895', '2022-06-07 03:18:18.914', 21),
(269, 57, 17, 47, 9, 'SEDANG', 1, '2022-06-07 03:18:18.895', '2022-06-07 03:18:18.914', 34),
(270, 55, 15, 50, 10, 'SEDANG', 1, '2022-06-07 03:18:18.895', '2022-06-07 03:18:18.914', 29),
(271, 46, 15, 40, 7, 'BAIK', 1, '2022-06-07 03:18:18.895', '2022-06-07 03:18:18.914', 27),
(272, 36, 14, 80, 6, 'SEDANG', 1, '2022-06-07 03:18:18.895', '2022-06-07 03:18:18.914', 27),
(273, 57, 16, 89, 7, 'SEDANG', 1, '2022-06-07 03:18:18.895', '2022-06-07 03:18:18.914', 42),
(274, 31, 14, 58, 7, 'SEDANG', 1, '2022-06-07 03:18:18.895', '2022-06-07 03:18:18.914', 17),
(275, 65, 16, 65, 9, 'SEDANG', 1, '2022-06-07 03:18:18.895', '2022-06-07 03:18:18.914', 35),
(276, 56, 17, 73, 5, 'SEDANG', 1, '2022-06-07 03:18:18.895', '2022-06-07 03:18:18.914', 25),
(277, 27, 19, 61, 8, 'SEDANG', 1, '2022-06-07 03:18:18.895', '2022-06-07 03:18:18.914', 16),
(278, 46, 16, 44, 7, 'BAIK', 1, '2022-06-07 03:18:18.895', '2022-06-07 03:18:18.914', 24),
(279, 29, 8, 27, 14, 'BAIK', 1, '2022-06-07 03:18:18.895', '2022-06-07 03:18:18.914', 19),
(280, 37, 10, 28, 12, 'BAIK', 1, '2022-06-07 03:18:18.895', '2022-06-07 03:18:18.914', 24),
(281, 39, 8, 19, 15, 'BAIK', 1, '2022-06-07 03:18:18.895', '2022-06-07 03:18:18.914', 37),
(282, 24, 8, 21, 14, 'BAIK', 1, '2022-06-07 03:18:18.895', '2022-06-07 03:18:18.914', 29),
(283, 43, 8, 29, 12, 'BAIK', 1, '2022-06-07 03:18:18.895', '2022-06-07 03:18:18.914', 30),
(284, 50, 9, 32, 18, 'BAIK', 1, '2022-06-07 03:18:18.895', '2022-06-07 03:18:18.914', 26),
(285, 51, 19, 25, 16, 'SEDANG', 1, '2022-06-07 03:18:18.895', '2022-06-07 03:18:18.914', 28),
(286, 29, 8, 26, 12, 'BAIK', 1, '2022-06-07 03:18:18.895', '2022-06-07 03:18:18.914', 24),
(287, 35, 7, 33, 12, 'BAIK', 1, '2022-06-07 03:18:18.895', '2022-06-07 03:18:18.914', 18),
(288, 38, 8, 51, 15, 'SEDANG', 1, '2022-06-07 03:18:18.895', '2022-06-07 03:18:18.914', 25),
(289, 53, 9, 31, 16, 'SEDANG', 1, '2022-06-07 03:18:18.895', '2022-06-07 03:18:18.914', 24),
(290, 47, 10, 68, 19, 'SEDANG', 1, '2022-06-07 03:18:18.895', '2022-06-07 03:18:18.914', 18),
(291, 43, 7, 39, 20, 'BAIK', 1, '2022-06-07 03:18:18.895', '2022-06-07 03:18:18.914', 16),
(292, 51, 6, 21, 18, 'SEDANG', 1, '2022-06-07 03:18:18.895', '2022-06-07 03:18:18.914', 25),
(293, 60, 7, 53, 17, 'SEDANG', 1, '2022-06-07 03:18:18.895', '2022-06-07 03:18:18.914', 51),
(294, 52, 7, 41, 16, 'SEDANG', 1, '2022-06-07 03:18:18.895', '2022-06-07 03:18:18.914', 24),
(295, 24, 5, 28, 12, 'BAIK', 1, '2022-06-07 03:18:18.895', '2022-06-07 03:18:18.914', 18),
(296, 45, 16, 23, 15, 'BAIK', 1, '2022-06-07 03:18:18.895', '2022-06-07 03:18:18.914', 48),
(297, 38, 8, 17, 11, 'BAIK', 1, '2022-06-07 03:18:18.895', '2022-06-07 03:18:18.914', 27),
(298, 30, 5, 20, 13, 'BAIK', 1, '2022-06-07 03:18:18.895', '2022-06-07 03:18:18.914', 16),
(299, 35, 11, 22, 14, 'BAIK', 1, '2022-06-07 03:18:18.895', '2022-06-07 03:18:18.914', 15),
(300, 31, 8, 30, 13, 'BAIK', 1, '2022-06-07 03:18:18.896', '2022-06-07 03:18:18.914', 16),
(301, 28, 5, 29, 9, 'BAIK', 1, '2022-06-07 03:18:18.896', '2022-06-07 03:18:18.914', 5),
(302, 20, 4, 27, 9, 'BAIK', 1, '2022-06-07 03:18:18.896', '2022-06-07 03:18:18.914', 10),
(303, 19, 5, 25, 13, 'BAIK', 1, '2022-06-07 03:18:18.896', '2022-06-07 03:18:18.914', 14),
(304, 42, 5, 27, 13, 'BAIK', 1, '2022-06-07 03:18:18.896', '2022-06-07 03:18:18.914', 15),
(305, 33, 5, 22, 13, 'BAIK', 1, '2022-06-07 03:18:18.896', '2022-06-07 03:18:18.914', 16),
(306, 59, 7, 18, 13, 'SEDANG', 1, '2022-06-07 03:18:18.896', '2022-06-07 03:18:18.914', 40),
(307, 50, 9, 30, 6, 'BAIK', 1, '2022-06-07 03:18:18.896', '2022-06-07 03:18:18.914', 14),
(308, 36, 9, 33, 6, 'BAIK', 1, '2022-06-07 03:18:18.896', '2022-06-07 03:18:18.914', 19),
(309, 49, 9, 27, 9, 'BAIK', 1, '2022-06-07 03:18:18.896', '2022-06-07 03:18:18.914', 37),
(310, 36, 7, 31, 7, 'BAIK', 1, '2022-06-07 03:18:18.896', '2022-06-07 03:18:18.914', 12),
(311, 63, 9, 42, 8, 'SEDANG', 1, '2022-06-07 03:18:18.896', '2022-06-07 03:18:18.914', 19),
(312, 54, 9, 45, 8, 'SEDANG', 1, '2022-06-07 03:18:18.896', '2022-06-07 03:18:18.914', 22),
(313, 20, 7, 45, 7, 'BAIK', 1, '2022-06-07 03:18:18.896', '2022-06-07 03:18:18.914', 11),
(314, 37, 8, 43, 7, 'BAIK', 1, '2022-06-07 03:18:18.896', '2022-06-07 03:18:18.914', 18),
(315, 43, 7, 91, 13, 'SEDANG', 1, '2022-06-07 03:18:18.896', '2022-06-07 03:18:18.914', 20),
(316, 75, 12, 67, 9, 'SEDANG', 1, '2022-06-07 03:18:18.896', '2022-06-07 03:18:18.914', 19),
(317, 65, 9, 76, 9, 'SEDANG', 1, '2022-06-07 03:18:18.896', '2022-06-07 03:18:18.914', 14),
(318, 63, 13, 80, 7, 'SEDANG', 1, '2022-06-07 03:18:18.896', '2022-06-07 03:18:18.914', 10),
(319, 64, 8, 34, 12, 'SEDANG', 1, '2022-06-07 03:18:18.896', '2022-06-07 03:18:18.914', 37),
(320, 70, 13, 51, 7, 'SEDANG', 1, '2022-06-07 03:18:18.896', '2022-06-07 03:18:18.914', 23),
(321, 26, 7, 51, 5, 'SEDANG', 1, '2022-06-07 03:18:18.896', '2022-06-07 03:18:18.914', 13),
(322, 46, 10, 30, 9, 'BAIK', 1, '2022-06-07 03:18:18.896', '2022-06-07 03:18:18.914', 25),
(323, 33, 8, 29, 6, 'BAIK', 1, '2022-06-07 03:18:18.896', '2022-06-07 03:18:18.914', 15),
(324, 25, 7, 32, 5, 'BAIK', 1, '2022-06-07 03:18:18.896', '2022-06-07 03:18:18.914', 11),
(325, 30, 8, 29, 7, 'BAIK', 1, '2022-06-07 03:18:18.896', '2022-06-07 03:18:18.914', 15),
(326, 48, 8, 32, 6, 'BAIK', 1, '2022-06-07 03:18:18.896', '2022-06-07 03:18:18.914', 11),
(327, 20, 7, 34, 3, 'BAIK', 1, '2022-06-07 03:18:18.896', '2022-06-07 03:18:18.914', 7),
(328, 28, 7, 35, 3, 'BAIK', 1, '2022-06-07 03:18:18.896', '2022-06-07 03:18:18.914', 4),
(329, 26, 7, 31, 5, 'BAIK', 1, '2022-06-07 03:18:18.896', '2022-06-07 03:18:18.914', 7),
(330, 34, 8, 32, 8, 'BAIK', 1, '2022-06-07 03:18:18.896', '2022-06-07 03:18:18.914', 14),
(331, 43, 8, 30, 8, 'BAIK', 1, '2022-06-07 03:18:18.896', '2022-06-07 03:18:18.914', 13),
(332, 42, 8, 26, 8, 'BAIK', 1, '2022-06-07 03:18:18.896', '2022-06-07 03:18:18.914', 12),
(333, 60, 11, 28, 10, 'SEDANG', 1, '2022-06-07 03:18:18.896', '2022-06-07 03:18:18.914', 32),
(334, 44, 15, 38, 10, 'BAIK', 1, '2022-06-07 03:18:18.896', '2022-06-07 03:18:18.914', 39),
(335, 38, 15, 45, 8, 'BAIK', 1, '2022-06-07 03:18:18.896', '2022-06-07 03:18:18.914', 35),
(336, 41, 15, 37, 8, 'BAIK', 1, '2022-06-07 03:18:18.896', '2022-06-07 03:18:18.914', 50),
(337, 67, 14, 49, 12, 'SEDANG', 1, '2022-06-07 03:18:18.896', '2022-06-07 03:18:18.914', 57),
(338, 55, 14, 45, 8, 'SEDANG', 1, '2022-06-07 03:18:18.896', '2022-06-07 03:18:18.914', 26),
(339, 51, 14, 50, 7, 'SEDANG', 1, '2022-06-07 03:18:18.896', '2022-06-07 03:18:18.914', 28),
(340, 26, 14, 48, 10, 'BAIK', 1, '2022-06-07 03:18:18.896', '2022-06-07 03:18:18.914', 20),
(341, 46, 14, 46, 11, 'BAIK', 1, '2022-06-07 03:18:18.896', '2022-06-07 03:18:18.914', 35),
(342, 53, 16, 45, 9, 'SEDANG', 1, '2022-06-07 03:18:18.896', '2022-06-07 03:18:18.914', 26),
(343, 48, 16, 126, 6, 'TIDAK SEHAT', 1, '2022-06-07 03:18:18.896', '2022-06-07 03:18:18.914', 19),
(344, 55, 16, 68, 9, 'SEDANG', 1, '2022-06-07 03:18:18.896', '2022-06-07 03:18:18.914', 23),
(345, 57, 15, 56, 8, 'SEDANG', 1, '2022-06-07 03:18:18.896', '2022-06-07 03:18:18.914', 36),
(346, 62, 15, 108, 8, 'TIDAK SEHAT', 1, '2022-06-07 03:18:18.896', '2022-06-07 03:18:18.914', 46),
(347, 52, 17, 55, 15, 'SEDANG', 1, '2022-06-07 03:18:18.896', '2022-06-07 03:18:18.914', 35),
(348, 38, 16, 59, 10, 'SEDANG', 1, '2022-06-07 03:18:18.896', '2022-06-07 03:18:18.914', 30),
(349, 51, 16, 58, 11, 'SEDANG', 1, '2022-06-07 03:18:18.896', '2022-06-07 03:18:18.914', 47),
(350, 53, 16, 35, 6, 'SEDANG', 1, '2022-06-07 03:18:18.896', '2022-06-07 03:18:18.914', 28),
(351, 43, 15, 35, 7, 'BAIK', 1, '2022-06-07 03:18:18.896', '2022-06-07 03:18:18.914', 21),
(352, 33, 15, 38, 7, 'BAIK', 1, '2022-06-07 03:18:18.896', '2022-06-07 03:18:18.914', 25),
(353, 55, 14, 41, 11, 'SEDANG', 1, '2022-06-07 03:18:18.896', '2022-06-07 03:18:18.914', 75),
(354, 49, 15, 49, 6, 'BAIK', 1, '2022-06-07 03:18:18.896', '2022-06-07 03:18:18.914', 27),
(355, 48, 16, 38, 10, 'BAIK', 1, '2022-06-07 03:18:18.896', '2022-06-07 03:18:18.914', 40),
(356, 50, 15, 48, 13, 'BAIK', 1, '2022-06-07 03:18:18.896', '2022-06-07 03:18:18.914', 33),
(357, 51, 16, 45, 10, 'SEDANG', 1, '2022-06-07 03:18:18.896', '2022-06-07 03:18:18.914', 52),
(358, 57, 30, 33, 3, 'SEDANG', 1, '2022-06-07 03:18:18.896', '2022-06-07 03:18:18.914', 14),
(359, 52, 30, 36, 3, 'SEDANG', 1, '2022-06-07 03:18:18.896', '2022-06-07 03:18:18.914', 16),
(360, 59, 30, 35, 3, 'SEDANG', 1, '2022-06-07 03:18:18.896', '2022-06-07 03:18:18.914', 40),
(361, 43, 30, 32, 5, 'BAIK', 1, '2022-06-07 03:18:18.896', '2022-06-07 03:18:18.914', 32),
(362, 59, 30, 41, 4, 'SEDANG', 1, '2022-06-07 03:18:18.896', '2022-06-07 03:18:18.914', 36),
(363, 59, 30, 33, 3, 'SEDANG', 1, '2022-06-07 03:18:18.896', '2022-06-07 03:18:18.914', 16),
(364, 74, 30, 66, 3, 'SEDANG', 1, '2022-06-07 03:18:18.896', '2022-06-07 03:18:18.914', 11),
(365, 47, 30, 38, 4, 'BAIK', 1, '2022-06-07 03:18:18.896', '2022-06-07 03:18:18.914', 23),
(366, 51, 31, 76, 4, 'SEDANG', 1, '2022-06-07 03:18:18.896', '2022-06-07 03:18:18.914', 22),
(367, 69, 32, 98, 7, 'SEDANG', 1, '2022-06-07 03:18:18.896', '2022-06-07 03:18:18.914', 24),
(368, 74, 26, 191, 7, 'TIDAK SEHAT', 1, '2022-06-07 03:18:18.896', '2022-06-07 03:18:18.914', 47),
(369, 67, 23, 118, 4, 'TIDAK SEHAT', 1, '2022-06-07 03:18:18.896', '2022-06-07 03:18:18.914', 27),
(370, 43, 21, 170, 4, 'TIDAK SEHAT', 1, '2022-06-07 03:18:18.896', '2022-06-07 03:18:18.914', 22),
(371, 62, 23, 93, 4, 'SEDANG', 1, '2022-06-07 03:18:18.896', '2022-06-07 03:18:18.914', 32),
(372, 54, 22, 51, 3, 'SEDANG', 1, '2022-06-07 03:18:18.896', '2022-06-07 03:18:18.914', 20),
(373, 30, 20, 68, 3, 'SEDANG', 1, '2022-06-07 03:18:18.896', '2022-06-07 03:18:18.914', 11),
(374, 34, 20, 80, 4, 'SEDANG', 1, '2022-06-07 03:18:18.897', '2022-06-07 03:18:18.914', 22),
(375, 58, 19, 85, 4, 'SEDANG', 1, '2022-06-07 03:18:18.897', '2022-06-07 03:18:18.914', 34),
(376, 40, 19, 92, 4, 'SEDANG', 1, '2022-06-07 03:18:18.897', '2022-06-07 03:18:18.914', 15),
(377, 52, 19, 89, 5, 'SEDANG', 1, '2022-06-07 03:18:18.897', '2022-06-07 03:18:18.914', 21),
(378, 54, 18, 84, 2, 'SEDANG', 1, '2022-06-07 03:18:18.897', '2022-06-07 03:18:18.914', 20),
(379, 56, 21, 104, 6, 'TIDAK SEHAT', 1, '2022-06-07 03:18:18.897', '2022-06-07 03:18:18.914', 27),
(380, 64, 22, 78, 7, 'SEDANG', 1, '2022-06-07 03:18:18.897', '2022-06-07 03:18:18.914', 41),
(381, 37, 14, 73, 6, 'SEDANG', 1, '2022-06-07 03:18:18.897', '2022-06-07 03:18:18.914', 28),
(382, 33, 16, 64, 7, 'SEDANG', 1, '2022-06-07 03:18:18.897', '2022-06-07 03:18:18.914', 27),
(383, 51, 15, 46, 9, 'SEDANG', 1, '2022-06-07 03:18:18.897', '2022-06-07 03:18:18.914', 38),
(384, 34, 14, 51, 9, 'SEDANG', 1, '2022-06-07 03:18:18.897', '2022-06-07 03:18:18.914', 31),
(385, 63, 16, 52, 6, 'SEDANG', 1, '2022-06-07 03:18:18.897', '2022-06-07 03:18:18.914', 37),
(386, 48, 19, 50, 9, 'BAIK', 1, '2022-06-07 03:18:18.897', '2022-06-07 03:18:18.914', 23),
(387, 55, 28, 46, 6, 'SEDANG', 1, '2022-06-07 03:18:18.897', '2022-06-07 03:18:18.914', 22),
(388, 26, 15, 67, 6, 'SEDANG', 1, '2022-06-07 03:18:18.897', '2022-06-07 03:18:18.914', 22),
(389, 48, 15, 50, 6, 'BAIK', 1, '2022-06-07 03:18:18.897', '2022-06-07 03:18:18.914', 24),
(390, 34, 15, 51, 4, 'SEDANG', 1, '2022-06-07 03:18:18.897', '2022-06-07 03:18:18.914', 23),
(391, 52, 22, 36, 8, 'SEDANG', 1, '2022-06-07 03:18:18.897', '2022-06-07 03:18:18.914', 19),
(392, 43, 20, 106, 8, 'TIDAK SEHAT', 1, '2022-06-07 03:18:18.897', '2022-06-07 03:18:18.914', 18),
(393, 44, 17, 83, 8, 'SEDANG', 1, '2022-06-07 03:18:18.897', '2022-06-07 03:18:18.914', 19),
(394, 53, 18, 60, 7, 'SEDANG', 1, '2022-06-07 03:18:18.897', '2022-06-07 03:18:18.914', 26),
(395, 72, 17, 77, 10, 'SEDANG', 1, '2022-06-07 03:18:18.897', '2022-06-07 03:18:18.914', 45),
(396, 56, 19, 62, 11, 'SEDANG', 1, '2022-06-07 03:18:18.897', '2022-06-07 03:18:18.914', 25),
(397, 24, 15, 49, 3, 'BAIK', 1, '2022-06-07 03:18:18.897', '2022-06-07 03:18:18.914', 15),
(398, 50, 30, 182, 7, 'TIDAK SEHAT', 1, '2022-06-07 03:18:18.897', '2022-06-07 03:18:18.914', 55),
(399, 48, 20, 62, 6, 'SEDANG', 1, '2022-06-07 03:18:18.897', '2022-06-07 03:18:18.914', 21),
(400, 21, 15, 73, 5, 'SEDANG', 1, '2022-06-07 03:18:18.897', '2022-06-07 03:18:18.914', 14),
(401, 34, 16, 46, 7, 'BAIK', 1, '2022-06-07 03:18:18.897', '2022-06-07 03:18:18.914', 19),
(402, 32, 15, 55, 7, 'SEDANG', 1, '2022-06-07 03:18:18.897', '2022-06-07 03:18:18.914', 22),
(403, 21, 15, 88, 3, 'SEDANG', 1, '2022-06-07 03:18:18.897', '2022-06-07 03:18:18.914', 12),
(404, 18, 15, 89, 2, 'SEDANG', 1, '2022-06-07 03:18:18.897', '2022-06-07 03:18:18.914', 11),
(405, 20, 14, 83, 5, 'SEDANG', 1, '2022-06-07 03:18:18.897', '2022-06-07 03:18:18.914', 15),
(406, 40, 18, 52, 7, 'SEDANG', 1, '2022-06-07 03:18:18.897', '2022-06-07 03:18:18.914', 17),
(407, 38, 6, 67, 10, 'SEDANG', 1, '2022-06-07 03:18:18.897', '2022-06-07 03:18:18.914', 12),
(408, 32, 4, 33, 7, 'BAIK', 1, '2022-06-07 03:18:18.897', '2022-06-07 03:18:18.914', 6),
(409, 30, 5, 33, 5, 'BAIK', 1, '2022-06-07 03:18:18.897', '2022-06-07 03:18:18.914', 4),
(410, 42, 6, 47, 7, 'BAIK', 1, '2022-06-07 03:18:18.897', '2022-06-07 03:18:18.914', 8),
(411, 50, 4, 63, 8, 'SEDANG', 1, '2022-06-07 03:18:18.897', '2022-06-07 03:18:18.914', 6),
(412, 45, 4, 37, 9, 'BAIK', 1, '2022-06-07 03:18:18.897', '2022-06-07 03:18:18.914', 8),
(413, 26, 3, 35, 9, 'BAIK', 1, '2022-06-07 03:18:18.897', '2022-06-07 03:18:18.914', 11),
(414, 26, 5, 31, 7, 'BAIK', 1, '2022-06-07 03:18:18.897', '2022-06-07 03:18:18.914', 5),
(415, 36, 3, 27, 10, 'BAIK', 1, '2022-06-07 03:18:18.897', '2022-06-07 03:18:18.914', 5),
(416, 50, 2, 71, 10, 'SEDANG', 1, '2022-06-07 03:18:18.897', '2022-06-07 03:18:18.914', 7),
(417, 48, 2, 88, 6, 'SEDANG', 1, '2022-06-07 03:18:18.897', '2022-06-07 03:18:18.914', 6),
(418, 65, 3, 86, 13, 'SEDANG', 1, '2022-06-07 03:18:18.897', '2022-06-07 03:18:18.914', 14),
(419, 40, 2, 46, 9, 'BAIK', 1, '2022-06-07 03:18:18.897', '2022-06-07 03:18:18.914', 8),
(420, 48, 4, 51, 10, 'SEDANG', 1, '2022-06-07 03:18:18.897', '2022-06-07 03:18:18.914', 8),
(421, 40, 2, 46, 11, 'BAIK', 1, '2022-06-07 03:18:18.897', '2022-06-07 03:18:18.914', 8),
(422, 34, 3, 41, 9, 'BAIK', 1, '2022-06-07 03:18:18.897', '2022-06-07 03:18:18.914', 7),
(423, 43, 2, 54, 9, 'SEDANG', 1, '2022-06-07 03:18:18.897', '2022-06-07 03:18:18.914', 8),
(424, 43, 4, 72, 7, 'SEDANG', 1, '2022-06-07 03:18:18.897', '2022-06-07 03:18:18.914', 5),
(425, 59, 5, 87, 9, 'SEDANG', 1, '2022-06-07 03:18:18.897', '2022-06-07 03:18:18.914', 7),
(426, 74, 14, 47, 11, 'SEDANG', 1, '2022-06-07 03:18:18.897', '2022-06-07 03:18:18.914', 6),
(427, 45, 5, 43, 7, 'BAIK', 1, '2022-06-07 03:18:18.897', '2022-06-07 03:18:18.914', 5),
(428, 43, 4, 27, 8, 'BAIK', 1, '2022-06-07 03:18:18.897', '2022-06-07 03:18:18.914', 3),
(429, 46, 3, 45, 8, 'BAIK', 1, '2022-06-07 03:18:18.897', '2022-06-07 03:18:18.914', 7),
(430, 57, 3, 45, 8, 'SEDANG', 1, '2022-06-07 03:18:18.897', '2022-06-07 03:18:18.914', 5),
(431, 36, 1, 71, 8, 'SEDANG', 1, '2022-06-07 03:18:18.897', '2022-06-07 03:18:18.914', 4),
(432, 49, 2, 45, 13, 'BAIK', 1, '2022-06-07 03:18:18.897', '2022-06-07 03:18:18.914', 7),
(433, 53, 4, 52, 11, 'SEDANG', 1, '2022-06-07 03:18:18.897', '2022-06-07 03:18:18.914', 6),
(434, 61, 5, 33, 14, 'SEDANG', 1, '2022-06-07 03:18:18.897', '2022-06-07 03:18:18.914', 6),
(435, 43, 12, 90, 5, 'SEDANG', 1, '2022-06-07 03:18:18.897', '2022-06-07 03:18:18.914', 14),
(436, 34, 9, 57, 2, 'SEDANG', 1, '2022-06-07 03:18:18.897', '2022-06-07 03:18:18.914', 5),
(437, 32, 10, 62, 2, 'SEDANG', 1, '2022-06-07 03:18:18.897', '2022-06-07 03:18:18.914', 7),
(438, 48, 13, 83, 3, 'SEDANG', 1, '2022-06-07 03:18:18.897', '2022-06-07 03:18:18.914', 11),
(439, 56, 12, 82, 2, 'SEDANG', 1, '2022-06-07 03:18:18.897', '2022-06-07 03:18:18.914', 9),
(440, 48, 9, 55, 3, 'SEDANG', 1, '2022-06-07 03:18:18.897', '2022-06-07 03:18:18.914', 11),
(441, 35, 9, 47, 3, 'BAIK', 1, '2022-06-07 03:18:18.897', '2022-06-07 03:18:18.914', 14),
(442, 28, 9, 55, 2, 'SEDANG', 1, '2022-06-07 03:18:18.897', '2022-06-07 03:18:18.914', 5),
(443, 56, 4, 44, 10, 'SEDANG', 1, '2022-06-07 03:18:18.897', '2022-06-07 03:18:18.914', 10),
(444, 53, 4, 86, 12, 'SEDANG', 1, '2022-06-07 03:18:18.897', '2022-06-07 03:18:18.914', 11),
(445, 53, 7, 124, 4, 'TIDAK SEHAT', 1, '2022-06-07 03:18:18.897', '2022-06-07 03:18:18.914', 9),
(446, 47, 1, 68, 10, 'SEDANG', 1, '2022-06-07 03:18:18.897', '2022-06-07 03:18:18.914', 8),
(447, 48, 3, 52, 7, 'SEDANG', 1, '2022-06-07 03:18:18.897', '2022-06-07 03:18:18.914', 10),
(448, 52, 7, 52, 13, 'SEDANG', 1, '2022-06-07 03:18:18.897', '2022-06-07 03:18:18.914', 12),
(449, 54, 8, 68, 11, 'SEDANG', 1, '2022-06-07 03:18:18.897', '2022-06-07 03:18:18.914', 14),
(450, 45, 9, 91, 9, 'SEDANG', 1, '2022-06-07 03:18:18.897', '2022-06-07 03:18:18.914', 11),
(451, 66, 6, 97, 7, 'SEDANG', 1, '2022-06-07 03:18:18.898', '2022-06-07 03:18:18.914', 15),
(452, 64, 3, 76, 7, 'SEDANG', 1, '2022-06-07 03:18:18.898', '2022-06-07 03:18:18.914', 9),
(453, 58, 7, 57, 7, 'SEDANG', 1, '2022-06-07 03:18:18.898', '2022-06-07 03:18:18.914', 11),
(454, 77, 8, 53, 9, 'SEDANG', 1, '2022-06-07 03:18:18.898', '2022-06-07 03:18:18.914', 17),
(455, 53, 21, 51, 7, 'SEDANG', 1, '2022-06-07 03:18:18.898', '2022-06-07 03:18:18.914', 7),
(456, 56, 16, 47, 7, 'SEDANG', 1, '2022-06-07 03:18:18.898', '2022-06-07 03:18:18.914', 7),
(457, 58, 26, 51, 9, 'SEDANG', 1, '2022-06-07 03:18:18.898', '2022-06-07 03:18:18.914', 17),
(458, 62, 25, 55, 4, 'SEDANG', 1, '2022-06-07 03:18:18.898', '2022-06-07 03:18:18.914', 12),
(459, 43, 18, 84, 4, 'SEDANG', 1, '2022-06-07 03:18:18.898', '2022-06-07 03:18:18.914', 9),
(460, 53, 16, 72, 7, 'SEDANG', 1, '2022-06-07 03:18:18.898', '2022-06-07 03:18:18.914', 13),
(461, 61, 25, 64, 8, 'SEDANG', 1, '2022-06-07 03:18:18.898', '2022-06-07 03:18:18.914', 14),
(462, 64, 21, 49, 9, 'SEDANG', 1, '2022-06-07 03:18:18.898', '2022-06-07 03:18:18.914', 23),
(463, 51, 18, 62, 7, 'SEDANG', 1, '2022-06-07 03:18:18.898', '2022-06-07 03:18:18.914', 35),
(464, 55, 19, 44, 6, 'SEDANG', 1, '2022-06-07 03:18:18.898', '2022-06-07 03:18:18.914', 22),
(465, 54, 17, 35, 3, 'SEDANG', 1, '2022-06-07 03:18:18.898', '2022-06-07 03:18:18.914', 22),
(466, 59, 19, 65, 7, 'SEDANG', 1, '2022-06-07 03:18:18.898', '2022-06-07 03:18:18.914', 25),
(467, 51, 19, 81, 3, 'SEDANG', 1, '2022-06-07 03:18:18.898', '2022-06-07 03:18:18.914', 19),
(468, 52, 17, 33, 6, 'SEDANG', 1, '2022-06-07 03:18:18.898', '2022-06-07 03:18:18.914', 29),
(469, 40, 17, 24, 4, 'BAIK', 1, '2022-06-07 03:18:18.898', '2022-06-07 03:18:18.914', 23),
(470, 26, 18, 40, 3, 'BAIK', 1, '2022-06-07 03:18:18.898', '2022-06-07 03:18:18.914', 13),
(471, 50, 17, 53, 6, 'SEDANG', 1, '2022-06-07 03:18:18.898', '2022-06-07 03:18:18.914', 19),
(472, 53, 17, 72, 8, 'SEDANG', 1, '2022-06-07 03:18:18.898', '2022-06-07 03:18:18.914', 26),
(473, 45, 18, 64, 4, 'SEDANG', 1, '2022-06-07 03:18:18.898', '2022-06-07 03:18:18.914', 18),
(474, 60, 17, 71, 4, 'SEDANG', 1, '2022-06-07 03:18:18.898', '2022-06-07 03:18:18.914', 31),
(475, 48, 17, 67, 5, 'SEDANG', 1, '2022-06-07 03:18:18.898', '2022-06-07 03:18:18.914', 17),
(476, 40, 17, 73, 6, 'SEDANG', 1, '2022-06-07 03:18:18.898', '2022-06-07 03:18:18.914', 22),
(477, 39, 19, 65, 6, 'SEDANG', 1, '2022-06-07 03:18:18.898', '2022-06-07 03:18:18.914', 19),
(478, 37, 18, 55, 5, 'SEDANG', 1, '2022-06-07 03:18:18.898', '2022-06-07 03:18:18.914', 17),
(479, 51, 17, 92, 5, 'SEDANG', 1, '2022-06-07 03:18:18.898', '2022-06-07 03:18:18.914', 19),
(480, 36, 18, 66, 4, 'SEDANG', 1, '2022-06-07 03:18:18.898', '2022-06-07 03:18:18.914', 15),
(481, 56, 19, 85, 8, 'SEDANG', 1, '2022-06-07 03:18:18.898', '2022-06-07 03:18:18.914', 20),
(482, 62, 18, 89, 9, 'SEDANG', 1, '2022-06-07 03:18:18.898', '2022-06-07 03:18:18.914', 20),
(483, 50, 19, 53, 7, 'SEDANG', 1, '2022-06-07 03:18:18.898', '2022-06-07 03:18:18.914', 17),
(484, 58, 19, 75, 8, 'SEDANG', 1, '2022-06-07 03:18:18.898', '2022-06-07 03:18:18.914', 26),
(485, 51, 17, 60, 5, 'SEDANG', 1, '2022-06-07 03:18:18.898', '2022-06-07 03:18:18.914', 17),
(486, 39, 18, 40, 6, 'BAIK', 1, '2022-06-07 03:18:18.898', '2022-06-07 03:18:18.914', 22),
(487, 46, 19, 55, 5, 'SEDANG', 1, '2022-06-07 03:18:18.898', '2022-06-07 03:18:18.914', 29),
(488, 62, 18, 71, 5, 'SEDANG', 1, '2022-06-07 03:18:18.898', '2022-06-07 03:18:18.914', 23),
(489, 38, 18, 53, 3, 'SEDANG', 1, '2022-06-07 03:18:18.898', '2022-06-07 03:18:18.914', 18),
(490, 38, 19, 79, 5, 'SEDANG', 1, '2022-06-07 03:18:18.898', '2022-06-07 03:18:18.914', 22),
(491, 45, 18, 70, 7, 'SEDANG', 1, '2022-06-07 03:18:18.898', '2022-06-07 03:18:18.914', 19),
(492, 65, 19, 77, 10, 'SEDANG', 1, '2022-06-07 03:18:18.898', '2022-06-07 03:18:18.914', 37),
(493, 42, 25, 90, 8, 'SEDANG', 1, '2022-06-07 03:18:18.898', '2022-06-07 03:18:18.914', 11),
(494, 51, 25, 36, 6, 'SEDANG', 1, '2022-06-07 03:18:18.898', '2022-06-07 03:18:18.914', 10),
(495, 55, 27, 48, 6, 'SEDANG', 1, '2022-06-07 03:18:18.898', '2022-06-07 03:18:18.914', 14),
(496, 66, 28, 63, 7, 'SEDANG', 1, '2022-06-07 03:18:18.898', '2022-06-07 03:18:18.914', 22),
(497, 66, 28, 83, 8, 'SEDANG', 1, '2022-06-07 03:18:18.898', '2022-06-07 03:18:18.914', 14),
(498, 56, 26, 60, 8, 'SEDANG', 1, '2022-06-07 03:18:18.898', '2022-06-07 03:18:18.914', 18),
(499, 42, 25, 28, 9, 'BAIK', 1, '2022-06-07 03:18:18.898', '2022-06-07 03:18:18.914', 17),
(500, 33, 26, 58, 7, 'SEDANG', 1, '2022-06-07 03:18:18.898', '2022-06-07 03:18:18.914', 10),
(501, 59, 28, 57, 8, 'SEDANG', 1, '2022-06-07 03:18:18.898', '2022-06-07 03:18:18.914', 13),
(502, 65, 27, 107, 8, 'TIDAK SEHAT', 1, '2022-06-07 03:18:18.898', '2022-06-07 03:18:18.914', 19),
(503, 109, 27, 87, 5, 'TIDAK SEHAT', 1, '2022-06-07 03:18:18.898', '2022-06-07 03:18:18.914', 13),
(504, 82, 27, 89, 10, 'SEDANG', 1, '2022-06-07 03:18:18.898', '2022-06-07 03:18:18.914', 24),
(505, 52, 26, 64, 7, 'SEDANG', 1, '2022-06-07 03:18:18.898', '2022-06-07 03:18:18.914', 13),
(506, 54, 28, 61, 9, 'SEDANG', 1, '2022-06-07 03:18:18.898', '2022-06-07 03:18:18.914', 13),
(507, 57, 27, 72, 9, 'SEDANG', 1, '2022-06-07 03:18:18.898', '2022-06-07 03:18:18.914', 15),
(508, 60, 27, 66, 8, 'SEDANG', 1, '2022-06-07 03:18:18.898', '2022-06-07 03:18:18.914', 16),
(509, 60, 27, 75, 8, 'SEDANG', 1, '2022-06-07 03:18:18.898', '2022-06-07 03:18:18.914', 19),
(510, 52, 28, 82, 6, 'SEDANG', 1, '2022-06-07 03:18:18.898', '2022-06-07 03:18:18.914', 12),
(511, 73, 29, 86, 10, 'SEDANG', 1, '2022-06-07 03:18:18.898', '2022-06-07 03:18:18.914', 17),
(512, 78, 28, 73, 6, 'SEDANG', 1, '2022-06-07 03:18:18.898', '2022-06-07 03:18:18.914', 13),
(513, 69, 28, 57, 7, 'SEDANG', 1, '2022-06-07 03:18:18.898', '2022-06-07 03:18:18.914', 14),
(514, 111, 31, 58, 10, 'TIDAK SEHAT', 1, '2022-06-07 03:18:18.898', '2022-06-07 03:18:18.914', 25),
(515, 66, 27, 51, 7, 'SEDANG', 1, '2022-06-07 03:18:18.898', '2022-06-07 03:18:18.914', 13),
(516, 64, 26, 53, 9, 'SEDANG', 1, '2022-06-07 03:18:18.898', '2022-06-07 03:18:18.914', 25),
(517, 59, 20, 60, 9, 'SEDANG', 1, '2022-06-07 03:18:18.898', '2022-06-07 03:18:18.914', 14),
(518, 80, 22, 44, 9, 'SEDANG', 1, '2022-06-07 03:18:18.898', '2022-06-07 03:18:18.914', 26),
(519, 38, 7, 129, 5, 'TIDAK SEHAT', 1, '2022-06-07 03:18:18.898', '2022-06-07 03:18:18.914', 17),
(520, 34, 7, 49, 6, 'BAIK', 1, '2022-06-07 03:18:18.898', '2022-06-07 03:18:18.914', 7),
(521, 34, 8, 46, 3, 'BAIK', 1, '2022-06-07 03:18:18.899', '2022-06-07 03:18:18.914', 6),
(522, 52, 15, 62, 4, 'SEDANG', 1, '2022-06-07 03:18:18.899', '2022-06-07 03:18:18.914', 9),
(523, 45, 8, 73, 6, 'SEDANG', 1, '2022-06-07 03:18:18.899', '2022-06-07 03:18:18.914', 18),
(524, 53, 11, 100, 10, 'SEDANG', 1, '2022-06-07 03:18:18.899', '2022-06-07 03:18:18.914', 12),
(525, 62, 10, 147, 14, 'TIDAK SEHAT', 1, '2022-06-07 03:18:18.899', '2022-06-07 03:18:18.914', 15),
(526, 68, 19, 67, 10, 'SEDANG', 1, '2022-06-07 03:18:18.899', '2022-06-07 03:18:18.914', 18),
(527, 43, 5, 88, 9, 'SEDANG', 1, '2022-06-07 03:18:18.899', '2022-06-07 03:18:18.914', 11),
(528, 34, 7, 70, 7, 'SEDANG', 1, '2022-06-07 03:18:18.899', '2022-06-07 03:18:18.914', 5),
(529, 49, 7, 77, 8, 'SEDANG', 1, '2022-06-07 03:18:18.899', '2022-06-07 03:18:18.914', 15),
(530, 61, 8, 101, 10, 'TIDAK SEHAT', 1, '2022-06-07 03:18:18.899', '2022-06-07 03:18:18.914', 16),
(531, 34, 6, 131, 8, 'TIDAK SEHAT', 1, '2022-06-07 03:18:18.899', '2022-06-07 03:18:18.914', 6),
(532, 46, 6, 82, 9, 'SEDANG', 1, '2022-06-07 03:18:18.899', '2022-06-07 03:18:18.914', 14),
(533, 51, 8, 85, 10, 'SEDANG', 1, '2022-06-07 03:18:18.899', '2022-06-07 03:18:18.914', 16),
(534, 69, 7, 76, 17, 'SEDANG', 1, '2022-06-07 03:18:18.899', '2022-06-07 03:18:18.914', 36),
(535, 32, 2, 29, 9, 'BAIK', 1, '2022-06-07 03:18:18.899', '2022-06-07 03:18:18.914', 12),
(536, 52, 5, 35, 9, 'SEDANG', 1, '2022-06-07 03:18:18.899', '2022-06-07 03:18:18.914', 11),
(537, 50, 4, 30, 8, 'BAIK', 1, '2022-06-07 03:18:18.899', '2022-06-07 03:18:18.914', 4),
(538, 51, 7, 34, 9, 'SEDANG', 1, '2022-06-07 03:18:18.899', '2022-06-07 03:18:18.914', 7),
(539, 44, 4, 29, 7, 'BAIK', 1, '2022-06-07 03:18:18.899', '2022-06-07 03:18:18.914', 4),
(540, 50, 4, 48, 9, 'BAIK', 1, '2022-06-07 03:18:18.899', '2022-06-07 03:18:18.914', 3),
(541, 60, 4, 60, 10, 'SEDANG', 1, '2022-06-07 03:18:18.899', '2022-06-07 03:18:18.914', 4),
(542, 56, 4, 34, 12, 'SEDANG', 1, '2022-06-07 03:18:18.899', '2022-06-07 03:18:18.914', 3),
(543, 64, 5, 44, 12, 'SEDANG', 1, '2022-06-07 03:18:18.899', '2022-06-07 03:18:18.914', 3),
(544, 44, 2, 47, 8, 'BAIK', 1, '2022-06-07 03:18:18.899', '2022-06-07 03:18:18.914', 4),
(545, 47, 3, 62, 10, 'SEDANG', 1, '2022-06-07 03:18:18.899', '2022-06-07 03:18:18.914', 4),
(546, 54, 2, 38, 8, 'SEDANG', 1, '2022-06-07 03:18:18.899', '2022-06-07 03:18:18.914', 3),
(547, 56, 7, 42, 9, 'SEDANG', 1, '2022-06-07 03:18:18.899', '2022-06-07 03:18:18.914', 9),
(548, 60, 7, 40, 9, 'SEDANG', 1, '2022-06-07 03:18:18.899', '2022-06-07 03:18:18.914', 7),
(549, 58, 6, 57, 8, 'SEDANG', 1, '2022-06-07 03:18:18.899', '2022-06-07 03:18:18.914', 8),
(550, 60, 6, 83, 7, 'SEDANG', 1, '2022-06-07 03:18:18.899', '2022-06-07 03:18:18.914', 8),
(551, 54, 4, 43, 10, 'SEDANG', 1, '2022-06-07 03:18:18.899', '2022-06-07 03:18:18.914', 6),
(552, 30, 8, 59, 13, 'SEDANG', 1, '2022-06-07 03:18:18.899', '2022-06-07 03:18:18.914', 8),
(553, 50, 12, 34, 8, 'BAIK', 1, '2022-06-07 03:18:18.899', '2022-06-07 03:18:18.914', 10),
(554, 27, 7, 49, 9, 'BAIK', 1, '2022-06-07 03:18:18.899', '2022-06-07 03:18:18.914', 7),
(555, 58, 8, 42, 8, 'SEDANG', 1, '2022-06-07 03:18:18.899', '2022-06-07 03:18:18.914', 7),
(556, 42, 3, 52, 8, 'SEDANG', 1, '2022-06-07 03:18:18.899', '2022-06-07 03:18:18.914', 10),
(557, 41, 3, 43, 5, 'BAIK', 1, '2022-06-07 03:18:18.899', '2022-06-07 03:18:18.914', 8),
(558, 26, 2, 27, 5, 'BAIK', 1, '2022-06-07 03:18:18.899', '2022-06-07 03:18:18.914', 4),
(559, 32, 4, 29, 8, 'BAIK', 1, '2022-06-07 03:18:18.899', '2022-06-07 03:18:18.914', 5),
(560, 22, 4, 65, 8, 'SEDANG', 1, '2022-06-07 03:18:18.899', '2022-06-07 03:18:18.914', 4),
(561, 44, 5, 90, 16, 'SEDANG', 1, '2022-06-07 03:18:18.899', '2022-06-07 03:18:18.914', 6),
(562, 58, 8, 74, 12, 'SEDANG', 1, '2022-06-07 03:18:18.899', '2022-06-07 03:18:18.914', 6),
(563, 52, 16, 41, 10, 'SEDANG', 1, '2022-06-07 03:18:18.899', '2022-06-07 03:18:18.914', 7),
(564, 48, 14, 46, 9, 'BAIK', 1, '2022-06-07 03:18:18.899', '2022-06-07 03:18:18.914', 7),
(565, 55, 26, 53, 5, 'SEDANG', 1, '2022-06-07 03:18:18.899', '2022-06-07 03:18:18.914', 12),
(566, 36, 17, 48, 5, 'BAIK', 1, '2022-06-07 03:18:18.899', '2022-06-07 03:18:18.914', 7),
(567, 60, 34, 47, 5, 'SEDANG', 1, '2022-06-07 03:18:18.899', '2022-06-07 03:18:18.914', 17),
(568, 53, 20, 48, 6, 'SEDANG', 1, '2022-06-07 03:18:18.899', '2022-06-07 03:18:18.914', 7),
(569, 53, 21, 42, 8, 'SEDANG', 1, '2022-06-07 03:18:18.899', '2022-06-07 03:18:18.914', 10),
(570, 52, 18, 45, 5, 'SEDANG', 1, '2022-06-07 03:18:18.899', '2022-06-07 03:18:18.914', 9),
(571, 62, 20, 64, 9, 'SEDANG', 1, '2022-06-07 03:18:18.899', '2022-06-07 03:18:18.914', 9),
(572, 51, 15, 49, 6, 'SEDANG', 1, '2022-06-07 03:18:18.899', '2022-06-07 03:18:18.914', 8),
(573, 59, 17, 57, 11, 'SEDANG', 1, '2022-06-07 03:18:18.899', '2022-06-07 03:18:18.914', 14),
(574, 50, 24, 62, 7, 'SEDANG', 1, '2022-06-07 03:18:18.899', '2022-06-07 03:18:18.914', 11),
(575, 54, 21, 55, 10, 'SEDANG', 1, '2022-06-07 03:18:18.899', '2022-06-07 03:18:18.914', 14),
(576, 55, 16, 55, 7, 'SEDANG', 1, '2022-06-07 03:18:18.899', '2022-06-07 03:18:18.914', 8),
(577, 61, 23, 56, 12, 'SEDANG', 1, '2022-06-07 03:18:18.899', '2022-06-07 03:18:18.914', 8),
(578, 66, 20, 57, 9, 'SEDANG', 1, '2022-06-07 03:18:18.899', '2022-06-07 03:18:18.914', 9),
(579, 59, 19, 62, 8, 'SEDANG', 1, '2022-06-07 03:18:18.899', '2022-06-07 03:18:18.914', 8),
(580, 68, 20, 74, 9, 'SEDANG', 1, '2022-06-07 03:18:18.899', '2022-06-07 03:18:18.914', 11),
(581, 62, 19, 64, 9, 'SEDANG', 1, '2022-06-07 03:18:18.899', '2022-06-07 03:18:18.914', 11),
(582, 42, 21, 56, 9, 'SEDANG', 1, '2022-06-07 03:18:18.899', '2022-06-07 03:18:18.914', 14),
(583, 54, 17, 57, 9, 'SEDANG', 1, '2022-06-07 03:18:18.899', '2022-06-07 03:18:18.914', 9),
(584, 33, 23, 79, 12, 'SEDANG', 1, '2022-06-07 03:18:18.899', '2022-06-07 03:18:18.914', 9),
(585, 56, 18, 62, 17, 'SEDANG', 1, '2022-06-07 03:18:18.899', '2022-06-07 03:18:18.914', 16),
(586, 33, 22, 68, 6, 'SEDANG', 1, '2022-06-07 03:18:18.899', '2022-06-07 03:18:18.914', 8),
(587, 50, 18, 65, 11, 'SEDANG', 1, '2022-06-07 03:18:18.899', '2022-06-07 03:18:18.914', 17),
(588, 40, 25, 44, 9, 'BAIK', 1, '2022-06-07 03:18:18.899', '2022-06-07 03:18:18.914', 12),
(589, 43, 42, 45, 8, 'BAIK', 1, '2022-06-07 03:18:18.899', '2022-06-07 03:18:18.914', 12),
(590, 28, 16, 76, 10, 'SEDANG', 1, '2022-06-07 03:18:18.899', '2022-06-07 03:18:18.914', 7),
(591, 56, 35, 113, 12, 'TIDAK SEHAT', 1, '2022-06-07 03:18:18.899', '2022-06-07 03:18:18.914', 14),
(592, 57, 27, 68, 10, 'SEDANG', 1, '2022-06-07 03:18:18.899', '2022-06-07 03:18:18.914', 11),
(593, 57, 38, 57, 11, 'SEDANG', 1, '2022-06-07 03:18:18.899', '2022-06-07 03:18:18.914', 15),
(594, 45, 32, 56, 9, 'SEDANG', 1, '2022-06-07 03:18:18.899', '2022-06-07 03:18:18.914', 12),
(595, 55, 18, 58, 4, 'SEDANG', 1, '2022-06-07 03:18:18.899', '2022-06-07 03:18:18.914', 21),
(596, 25, 19, 46, 5, 'BAIK', 1, '2022-06-07 03:18:18.899', '2022-06-07 03:18:18.914', 12),
(597, 62, 20, 49, 8, 'SEDANG', 1, '2022-06-07 03:18:18.899', '2022-06-07 03:18:18.914', 35),
(598, 40, 19, 35, 5, 'BAIK', 1, '2022-06-07 03:18:18.900', '2022-06-07 03:18:18.914', 14),
(599, 53, 18, 50, 5, 'SEDANG', 1, '2022-06-07 03:18:18.900', '2022-06-07 03:18:18.914', 18),
(600, 38, 18, 47, 5, 'BAIK', 1, '2022-06-07 03:18:18.900', '2022-06-07 03:18:18.914', 13),
(601, 33, 18, 68, 3, 'SEDANG', 1, '2022-06-07 03:18:18.900', '2022-06-07 03:18:18.914', 16),
(602, 66, 17, 65, 5, 'SEDANG', 1, '2022-06-07 03:18:18.900', '2022-06-07 03:18:18.914', 18),
(603, 57, 17, 60, 8, 'SEDANG', 1, '2022-06-07 03:18:18.900', '2022-06-07 03:18:18.914', 20),
(604, 67, 17, 68, 7, 'SEDANG', 1, '2022-06-07 03:18:18.900', '2022-06-07 03:18:18.914', 26),
(605, 43, 17, 62, 6, 'SEDANG', 1, '2022-06-07 03:18:18.900', '2022-06-07 03:18:18.914', 18),
(606, 44, 17, 63, 5, 'SEDANG', 1, '2022-06-07 03:18:18.900', '2022-06-07 03:18:18.914', 20),
(607, 44, 18, 69, 4, 'SEDANG', 1, '2022-06-07 03:18:18.900', '2022-06-07 03:18:18.914', 17),
(608, 57, 17, 64, 6, 'SEDANG', 1, '2022-06-07 03:18:18.900', '2022-06-07 03:18:18.914', 17),
(609, 59, 17, 58, 6, 'SEDANG', 1, '2022-06-07 03:18:18.900', '2022-06-07 03:18:18.914', 18),
(610, 56, 17, 63, 6, 'SEDANG', 1, '2022-06-07 03:18:18.900', '2022-06-07 03:18:18.914', 17),
(611, 60, 17, 77, 6, 'SEDANG', 1, '2022-06-07 03:18:18.900', '2022-06-07 03:18:18.914', 18),
(612, 52, 17, 75, 4, 'SEDANG', 1, '2022-06-07 03:18:18.900', '2022-06-07 03:18:18.914', 15),
(613, 26, 18, 59, 5, 'SEDANG', 1, '2022-06-07 03:18:18.900', '2022-06-07 03:18:18.914', 15),
(614, 34, 18, 67, 5, 'SEDANG', 1, '2022-06-07 03:18:18.900', '2022-06-07 03:18:18.914', 14),
(615, 21, 19, 46, 5, 'BAIK', 1, '2022-06-07 03:18:18.900', '2022-06-07 03:18:18.914', 14),
(616, 48, 19, 55, 5, 'SEDANG', 1, '2022-06-07 03:18:18.900', '2022-06-07 03:18:18.914', 16),
(617, 37, 18, 54, 4, 'SEDANG', 1, '2022-06-07 03:18:18.900', '2022-06-07 03:18:18.914', 15),
(618, 57, 17, 28, 6, 'SEDANG', 1, '2022-06-07 03:18:18.900', '2022-06-07 03:18:18.914', 26),
(619, 30, 18, 30, 4, 'BAIK', 1, '2022-06-07 03:18:18.900', '2022-06-07 03:18:18.914', 15),
(620, 37, 18, 40, 5, 'BAIK', 1, '2022-06-07 03:18:18.900', '2022-06-07 03:18:18.914', 18),
(621, 37, 18, 75, 2, 'SEDANG', 1, '2022-06-07 03:18:18.900', '2022-06-07 03:18:18.914', 12),
(622, 39, 17, 78, 5, 'SEDANG', 1, '2022-06-07 03:18:18.900', '2022-06-07 03:18:18.914', 15),
(623, 54, 17, 82, 5, 'SEDANG', 1, '2022-06-07 03:18:18.900', '2022-06-07 03:18:18.914', 16),
(624, 44, 17, 55, 8, 'SEDANG', 1, '2022-06-07 03:18:18.900', '2022-06-07 03:18:18.914', 36),
(625, 54, 17, 51, 5, 'SEDANG', 1, '2022-06-07 03:18:18.900', '2022-06-07 03:18:18.914', 28),
(626, 67, 21, 59, 5, 'SEDANG', 1, '2022-06-07 03:18:18.900', '2022-06-07 03:18:18.914', 18),
(627, 91, 22, 60, 5, 'SEDANG', 1, '2022-06-07 03:18:18.900', '2022-06-07 03:18:18.914', 15),
(628, 77, 22, 36, 8, 'SEDANG', 1, '2022-06-07 03:18:18.900', '2022-06-07 03:18:18.914', 22),
(629, 72, 23, 56, 8, 'SEDANG', 1, '2022-06-07 03:18:18.900', '2022-06-07 03:18:18.914', 27),
(630, 54, 22, 54, 5, 'SEDANG', 1, '2022-06-07 03:18:18.900', '2022-06-07 03:18:18.914', 14),
(631, 57, 23, 49, 5, 'SEDANG', 1, '2022-06-07 03:18:18.900', '2022-06-07 03:18:18.914', 17),
(632, 52, 22, 52, 5, 'SEDANG', 1, '2022-06-07 03:18:18.900', '2022-06-07 03:18:18.914', 12),
(633, 60, 23, 51, 6, 'SEDANG', 1, '2022-06-07 03:18:18.900', '2022-06-07 03:18:18.914', 11),
(634, 66, 23, 48, 7, 'SEDANG', 1, '2022-06-07 03:18:18.900', '2022-06-07 03:18:18.914', 13),
(635, 65, 23, 57, 5, 'SEDANG', 1, '2022-06-07 03:18:18.900', '2022-06-07 03:18:18.914', 12),
(636, 74, 23, 72, 6, 'SEDANG', 1, '2022-06-07 03:18:18.900', '2022-06-07 03:18:18.914', 15),
(637, 56, 21, 61, 5, 'SEDANG', 1, '2022-06-07 03:18:18.900', '2022-06-07 03:18:18.914', 11),
(638, 40, 23, 78, 6, 'SEDANG', 1, '2022-06-07 03:18:18.900', '2022-06-07 03:18:18.914', 13),
(639, 61, 23, 73, 3, 'SEDANG', 1, '2022-06-07 03:18:18.900', '2022-06-07 03:18:18.914', 11),
(640, 25, 22, 52, 4, 'SEDANG', 1, '2022-06-07 03:18:18.900', '2022-06-07 03:18:18.914', 9),
(641, 70, 22, 59, 4, 'SEDANG', 1, '2022-06-07 03:18:18.900', '2022-06-07 03:18:18.914', 15),
(642, 38, 22, 43, 3, 'BAIK', 1, '2022-06-07 03:18:18.900', '2022-06-07 03:18:18.914', 9),
(643, 62, 21, 28, 4, 'SEDANG', 1, '2022-06-07 03:18:18.900', '2022-06-07 03:18:18.914', 25),
(644, 50, 22, 28, 4, 'BAIK', 1, '2022-06-07 03:18:18.900', '2022-06-07 03:18:18.914', 10),
(645, 52, 22, 40, 4, 'SEDANG', 1, '2022-06-07 03:18:18.900', '2022-06-07 03:18:18.914', 14),
(646, 35, 22, 72, 3, 'SEDANG', 1, '2022-06-07 03:18:18.900', '2022-06-07 03:18:18.914', 8),
(647, 64, 22, 78, 3, 'SEDANG', 1, '2022-06-07 03:18:18.900', '2022-06-07 03:18:18.914', 16),
(648, 62, 23, 76, 4, 'SEDANG', 1, '2022-06-07 03:18:18.900', '2022-06-07 03:18:18.914', 12),
(649, 63, 22, 54, 5, 'SEDANG', 1, '2022-06-07 03:18:18.900', '2022-06-07 03:18:18.914', 20),
(650, 52, 6, 83, 9, 'SEDANG', 1, '2022-06-07 03:18:18.900', '2022-06-07 03:18:18.914', 17),
(651, 33, 6, 80, 6, 'SEDANG', 1, '2022-06-07 03:18:18.900', '2022-06-07 03:18:18.914', 8),
(652, 65, 9, 48, 11, 'SEDANG', 1, '2022-06-07 03:18:18.900', '2022-06-07 03:18:18.914', 32),
(653, 36, 8, 75, 7, 'SEDANG', 1, '2022-06-07 03:18:18.900', '2022-06-07 03:18:18.914', 7),
(654, 38, 9, 73, 9, 'SEDANG', 1, '2022-06-07 03:18:18.900', '2022-06-07 03:18:18.914', 7),
(655, 41, 7, 63, 7, 'SEDANG', 1, '2022-06-07 03:18:18.900', '2022-06-07 03:18:18.914', 8),
(656, 41, 7, 69, 8, 'SEDANG', 1, '2022-06-07 03:18:18.900', '2022-06-07 03:18:18.914', 14),
(657, 63, 8, 120, 9, 'TIDAK SEHAT', 1, '2022-06-07 03:18:18.900', '2022-06-07 03:18:18.914', 14),
(658, 53, 7, 75, 10, 'SEDANG', 1, '2022-06-07 03:18:18.900', '2022-06-07 03:18:18.914', 11),
(659, 58, 9, 81, 15, 'SEDANG', 1, '2022-06-07 03:18:18.900', '2022-06-07 03:18:18.914', 18),
(660, 41, 7, 83, 7, 'SEDANG', 1, '2022-06-07 03:18:18.900', '2022-06-07 03:18:18.914', 11),
(661, 44, 7, 81, 6, 'SEDANG', 1, '2022-06-07 03:18:18.900', '2022-06-07 03:18:18.914', 10),
(662, 37, 7, 79, 7, 'SEDANG', 1, '2022-06-07 03:18:18.900', '2022-06-07 03:18:18.914', 8),
(663, 55, 11, 77, 8, 'SEDANG', 1, '2022-06-07 03:18:18.900', '2022-06-07 03:18:18.914', 10),
(664, 57, 11, 122, 7, 'TIDAK SEHAT', 1, '2022-06-07 03:18:18.900', '2022-06-07 03:18:18.914', 14),
(665, 50, 8, 79, 6, 'SEDANG', 1, '2022-06-07 03:18:18.900', '2022-06-07 03:18:18.914', 8),
(666, 34, 9, 119, 9, 'TIDAK SEHAT', 1, '2022-06-07 03:18:18.900', '2022-06-07 03:18:18.914', 13),
(667, 36, 13, 72, 8, 'SEDANG', 1, '2022-06-07 03:18:18.900', '2022-06-07 03:18:18.914', 9),
(668, 20, 9, 66, 6, 'SEDANG', 1, '2022-06-07 03:18:18.900', '2022-06-07 03:18:18.914', 8),
(669, 51, 10, 88, 8, 'SEDANG', 1, '2022-06-07 03:18:18.900', '2022-06-07 03:18:18.914', 15),
(670, 36, 8, 87, 8, 'SEDANG', 1, '2022-06-07 03:18:18.900', '2022-06-07 03:18:18.914', 9),
(671, 24, 8, 74, 3, 'SEDANG', 1, '2022-06-07 03:18:18.900', '2022-06-07 03:18:18.914', 5),
(672, 32, 9, 136, 7, 'TIDAK SEHAT', 1, '2022-06-07 03:18:18.901', '2022-06-07 03:18:18.914', 7),
(673, 48, 12, 134, 8, 'TIDAK SEHAT', 1, '2022-06-07 03:18:18.901', '2022-06-07 03:18:18.914', 9),
(674, 48, 11, 73, 9, 'SEDANG', 1, '2022-06-07 03:18:18.901', '2022-06-07 03:18:18.914', 18),
(675, 52, 9, 66, 9, 'SEDANG', 1, '2022-06-07 03:18:18.901', '2022-06-07 03:18:18.914', 17),
(676, 50, 14, 45, 9, 'BAIK', 1, '2022-06-07 03:18:18.901', '2022-06-07 03:18:18.914', 10),
(677, 44, 14, 37, 8, 'BAIK', 1, '2022-06-07 03:18:18.901', '2022-06-07 03:18:18.914', 7),
(678, 41, 14, 31, 8, 'BAIK', 1, '2022-06-07 03:18:18.901', '2022-06-07 03:18:18.914', 4),
(679, 45, 18, 28, 8, 'BAIK', 1, '2022-06-07 03:18:18.901', '2022-06-07 03:18:18.914', 4),
(680, 56, 18, 60, 12, 'SEDANG', 1, '2022-06-07 03:18:18.901', '2022-06-07 03:18:18.914', 6),
(681, 69, 18, 74, 13, 'SEDANG', 1, '2022-06-07 03:18:18.901', '2022-06-07 03:18:18.914', 7),
(682, 55, 16, 65, 9, 'SEDANG', 1, '2022-06-07 03:18:18.901', '2022-06-07 03:18:18.914', 5),
(683, 59, 15, 33, 10, 'SEDANG', 1, '2022-06-07 03:18:18.901', '2022-06-07 03:18:18.914', 5),
(684, 58, 14, 41, 12, 'SEDANG', 1, '2022-06-07 03:18:18.901', '2022-06-07 03:18:18.914', 6),
(685, 67, 16, 34, 10, 'SEDANG', 1, '2022-06-07 03:18:18.901', '2022-06-07 03:18:18.914', 10),
(686, 63, 16, 40, 10, 'SEDANG', 1, '2022-06-07 03:18:18.901', '2022-06-07 03:18:18.914', 6),
(687, 49, 15, 58, 13, 'SEDANG', 1, '2022-06-07 03:18:18.901', '2022-06-07 03:18:18.914', 6),
(688, 60, 16, 61, 10, 'SEDANG', 1, '2022-06-07 03:18:18.901', '2022-06-07 03:18:18.914', 6),
(689, 60, 15, 61, 12, 'SEDANG', 1, '2022-06-07 03:18:18.901', '2022-06-07 03:18:18.914', 6),
(690, 70, 13, 54, 13, 'SEDANG', 1, '2022-06-07 03:18:18.901', '2022-06-07 03:18:18.914', 8),
(691, 67, 16, 35, 11, 'SEDANG', 1, '2022-06-07 03:18:18.901', '2022-06-07 03:18:18.914', 8),
(692, 56, 15, 49, 8, 'SEDANG', 1, '2022-06-07 03:18:18.901', '2022-06-07 03:18:18.914', 5),
(693, 60, 17, 56, 9, 'SEDANG', 1, '2022-06-07 03:18:18.901', '2022-06-07 03:18:18.914', 6),
(694, 57, 15, 47, 11, 'SEDANG', 1, '2022-06-07 03:18:18.901', '2022-06-07 03:18:18.914', 6);
INSERT INTO `knnklasifikasi` (`id`, `pm10`, `so2`, `o3`, `no2`, `kategori`, `sesuai`, `createdAt`, `updatedAt`, `co`) VALUES
(695, 61, 17, 67, 17, 'SEDANG', 1, '2022-06-07 03:18:18.901', '2022-06-07 03:18:18.914', 12),
(696, 63, 16, 61, 10, 'SEDANG', 1, '2022-06-07 03:18:18.901', '2022-06-07 03:18:18.914', 6),
(697, 67, 20, 34, 11, 'SEDANG', 1, '2022-06-07 03:18:18.901', '2022-06-07 03:18:18.914', 6),
(698, 53, 18, 41, 15, 'SEDANG', 1, '2022-06-07 03:18:18.901', '2022-06-07 03:18:18.914', 7),
(699, 53, 15, 77, 11, 'SEDANG', 1, '2022-06-07 03:18:18.901', '2022-06-07 03:18:18.914', 7),
(700, 76, 19, 64, 23, 'SEDANG', 1, '2022-06-07 03:18:18.901', '2022-06-07 03:18:18.914', 13),
(701, 70, 18, 61, 19, 'SEDANG', 1, '2022-06-07 03:18:18.901', '2022-06-07 03:18:18.914', 10),
(702, 65, 20, 42, 14, 'SEDANG', 1, '2022-06-07 03:18:18.901', '2022-06-07 03:18:18.914', 6),
(703, 72, 21, 47, 11, 'SEDANG', 1, '2022-06-07 03:18:18.901', '2022-06-07 03:18:18.914', 6),
(704, 68, 20, 57, 11, 'SEDANG', 1, '2022-06-07 03:18:18.901', '2022-06-07 03:18:18.914', 5),
(705, 75, 20, 53, 15, 'SEDANG', 1, '2022-06-07 03:18:18.901', '2022-06-07 03:18:18.914', 6),
(706, 53, 23, 52, 10, 'SEDANG', 1, '2022-06-07 03:18:18.901', '2022-06-07 03:18:18.914', 17),
(707, 41, 21, 46, 8, 'BAIK', 1, '2022-06-07 03:18:18.901', '2022-06-07 03:18:18.914', 10),
(708, 43, 21, 45, 11, 'BAIK', 1, '2022-06-07 03:18:18.901', '2022-06-07 03:18:18.914', 12),
(709, 53, 31, 39, 11, 'SEDANG', 1, '2022-06-07 03:18:18.901', '2022-06-07 03:18:18.914', 11),
(710, 62, 21, 87, 12, 'SEDANG', 1, '2022-06-07 03:18:18.901', '2022-06-07 03:18:18.914', 12),
(711, 67, 22, 84, 14, 'SEDANG', 1, '2022-06-07 03:18:18.901', '2022-06-07 03:18:18.914', 16),
(712, 60, 18, 63, 11, 'SEDANG', 1, '2022-06-07 03:18:18.901', '2022-06-07 03:18:18.914', 10),
(713, 66, 18, 51, 12, 'SEDANG', 1, '2022-06-07 03:18:18.901', '2022-06-07 03:18:18.914', 11),
(714, 65, 21, 57, 13, 'SEDANG', 1, '2022-06-07 03:18:18.901', '2022-06-07 03:18:18.914', 9),
(715, 65, 21, 56, 14, 'SEDANG', 1, '2022-06-07 03:18:18.901', '2022-06-07 03:18:18.914', 11),
(716, 63, 17, 61, 8, 'SEDANG', 1, '2022-06-07 03:18:18.901', '2022-06-07 03:18:18.914', 8),
(717, 55, 22, 76, 12, 'SEDANG', 1, '2022-06-07 03:18:18.901', '2022-06-07 03:18:18.914', 10),
(718, 68, 24, 80, 12, 'SEDANG', 1, '2022-06-07 03:18:18.901', '2022-06-07 03:18:18.914', 10),
(719, 64, 30, 63, 11, 'SEDANG', 1, '2022-06-07 03:18:18.901', '2022-06-07 03:18:18.914', 11),
(720, 71, 19, 81, 12, 'SEDANG', 1, '2022-06-07 03:18:18.901', '2022-06-07 03:18:18.914', 13),
(721, 73, 19, 56, 10, 'SEDANG', 1, '2022-06-07 03:18:18.901', '2022-06-07 03:18:18.914', 11),
(722, 74, 23, 53, 12, 'SEDANG', 1, '2022-06-07 03:18:18.901', '2022-06-07 03:18:18.914', 12),
(723, 67, 18, 75, 9, 'SEDANG', 1, '2022-06-07 03:18:18.901', '2022-06-07 03:18:18.914', 13),
(724, 54, 18, 63, 10, 'SEDANG', 1, '2022-06-07 03:18:18.901', '2022-06-07 03:18:18.914', 10),
(725, 73, 21, 72, 15, 'SEDANG', 1, '2022-06-07 03:18:18.901', '2022-06-07 03:18:18.914', 18),
(726, 67, 18, 67, 7, 'SEDANG', 1, '2022-06-07 03:18:18.901', '2022-06-07 03:18:18.914', 11),
(727, 68, 22, 69, 10, 'SEDANG', 1, '2022-06-07 03:18:18.901', '2022-06-07 03:18:18.914', 12),
(728, 58, 22, 70, 11, 'SEDANG', 1, '2022-06-07 03:18:18.901', '2022-06-07 03:18:18.914', 10),
(729, 58, 18, 124, 19, 'TIDAK SEHAT', 1, '2022-06-07 03:18:18.901', '2022-06-07 03:18:18.914', 11),
(730, 80, 25, 79, 19, 'SEDANG', 1, '2022-06-07 03:18:18.901', '2022-06-07 03:18:18.914', 29),
(731, 78, 21, 81, 18, 'SEDANG', 1, '2022-06-07 03:18:18.901', '2022-06-07 03:18:18.914', 22),
(732, 75, 22, 64, 11, 'SEDANG', 1, '2022-06-07 03:18:18.901', '2022-06-07 03:18:18.914', 11),
(733, 75, 25, 64, 10, 'SEDANG', 1, '2022-06-07 03:18:18.901', '2022-06-07 03:18:18.914', 11),
(734, 76, 23, 66, 15, 'SEDANG', 1, '2022-06-07 03:18:18.901', '2022-06-07 03:18:18.914', 11),
(735, 78, 24, 69, 12, 'SEDANG', 1, '2022-06-07 03:18:18.901', '2022-06-07 03:18:18.914', 13),
(736, 52, 17, 59, 5, 'SEDANG', 1, '2022-06-07 03:18:18.901', '2022-06-07 03:18:18.914', 22),
(737, 48, 17, 53, 4, 'SEDANG', 1, '2022-06-07 03:18:18.901', '2022-06-07 03:18:18.914', 20),
(738, 56, 2, 36, 7, 'SEDANG', 1, '2022-06-07 03:18:18.901', '2022-06-07 03:18:18.914', 18),
(739, 54, 3, 60, 8, 'SEDANG', 1, '2022-06-07 03:18:18.901', '2022-06-07 03:18:18.914', 17),
(740, 59, 2, 79, 7, 'SEDANG', 1, '2022-06-07 03:18:18.901', '2022-06-07 03:18:18.914', 16),
(741, 53, 2, 96, 15, 'SEDANG', 1, '2022-06-07 03:18:18.901', '2022-06-07 03:18:18.914', 19),
(742, 61, 2, 56, 7, 'SEDANG', 1, '2022-06-07 03:18:18.901', '2022-06-07 03:18:18.914', 23),
(743, 77, 2, 58, 9, 'SEDANG', 1, '2022-06-07 03:18:18.901', '2022-06-07 03:18:18.914', 38),
(744, 62, 2, 61, 8, 'SEDANG', 1, '2022-06-07 03:18:18.901', '2022-06-07 03:18:18.914', 21),
(745, 54, 4, 66, 8, 'SEDANG', 1, '2022-06-07 03:18:18.901', '2022-06-07 03:18:18.914', 17),
(746, 40, 2, 71, 9, 'SEDANG', 1, '2022-06-07 03:18:18.901', '2022-06-07 03:18:18.914', 14),
(747, 47, 2, 69, 6, 'SEDANG', 1, '2022-06-07 03:18:18.901', '2022-06-07 03:18:18.914', 14),
(748, 62, 3, 65, 5, 'SEDANG', 1, '2022-06-07 03:18:18.902', '2022-06-07 03:18:18.914', 18),
(749, 60, 3, 48, 9, 'SEDANG', 1, '2022-06-07 03:18:18.902', '2022-06-07 03:18:18.914', 20),
(750, 62, 3, 75, 8, 'SEDANG', 1, '2022-06-07 03:18:18.902', '2022-06-07 03:18:18.914', 20),
(751, 52, 3, 57, 6, 'SEDANG', 1, '2022-06-07 03:18:18.902', '2022-06-07 03:18:18.914', 14),
(752, 59, 3, 51, 8, 'SEDANG', 1, '2022-06-07 03:18:18.902', '2022-06-07 03:18:18.914', 20),
(753, 58, 3, 58, 6, 'SEDANG', 1, '2022-06-07 03:18:18.902', '2022-06-07 03:18:18.914', 17),
(754, 71, 6, 53, 6, 'SEDANG', 1, '2022-06-07 03:18:18.902', '2022-06-07 03:18:18.914', 19),
(755, 54, 12, 61, 7, 'SEDANG', 1, '2022-06-07 03:18:18.902', '2022-06-07 03:18:18.914', 21),
(756, 52, 12, 60, 7, 'SEDANG', 1, '2022-06-07 03:18:18.902', '2022-06-07 03:18:18.914', 16),
(757, 76, 12, 77, 12, 'SEDANG', 1, '2022-06-07 03:18:18.902', '2022-06-07 03:18:18.914', 37),
(758, 70, 13, 81, 10, 'SEDANG', 1, '2022-06-07 03:18:18.902', '2022-06-07 03:18:18.914', 21),
(759, 64, 13, 69, 7, 'SEDANG', 1, '2022-06-07 03:18:18.902', '2022-06-07 03:18:18.914', 18),
(760, 70, 13, 81, 6, 'SEDANG', 1, '2022-06-07 03:18:18.902', '2022-06-07 03:18:18.914', 16),
(761, 71, 14, 78, 6, 'SEDANG', 1, '2022-06-07 03:18:18.902', '2022-06-07 03:18:18.914', 15),
(762, 65, 13, 65, 9, 'SEDANG', 1, '2022-06-07 03:18:18.902', '2022-06-07 03:18:18.914', 18),
(763, 61, 22, 58, 4, 'SEDANG', 1, '2022-06-07 03:18:18.902', '2022-06-07 03:18:18.914', 19),
(764, 50, 22, 49, 5, 'BAIK', 1, '2022-06-07 03:18:18.902', '2022-06-07 03:18:18.914', 14),
(765, 43, 21, 41, 4, 'BAIK', 1, '2022-06-07 03:18:18.902', '2022-06-07 03:18:18.914', 12),
(766, 55, 22, 35, 3, 'SEDANG', 1, '2022-06-07 03:18:18.902', '2022-06-07 03:18:18.914', 13),
(767, 56, 24, 79, 4, 'SEDANG', 1, '2022-06-07 03:18:18.902', '2022-06-07 03:18:18.914', 11),
(768, 64, 24, 87, 5, 'SEDANG', 1, '2022-06-07 03:18:18.902', '2022-06-07 03:18:18.915', 13),
(769, 66, 26, 74, 5, 'SEDANG', 1, '2022-06-07 03:18:18.902', '2022-06-07 03:18:18.915', 16),
(770, 72, 23, 45, 4, 'SEDANG', 1, '2022-06-07 03:18:18.902', '2022-06-07 03:18:18.915', 13),
(771, 81, 24, 57, 5, 'SEDANG', 1, '2022-06-07 03:18:18.902', '2022-06-07 03:18:18.915', 19),
(772, 63, 24, 70, 4, 'SEDANG', 1, '2022-06-07 03:18:18.902', '2022-06-07 03:18:18.915', 9),
(773, 50, 22, 72, 4, 'SEDANG', 1, '2022-06-07 03:18:18.902', '2022-06-07 03:18:18.915', 9),
(774, 54, 23, 75, 4, 'SEDANG', 1, '2022-06-07 03:18:18.902', '2022-06-07 03:18:18.915', 10),
(775, 63, 23, 72, 4, 'SEDANG', 1, '2022-06-07 03:18:18.902', '2022-06-07 03:18:18.915', 12),
(776, 76, 23, 62, 3, 'SEDANG', 1, '2022-06-07 03:18:18.902', '2022-06-07 03:18:18.915', 14),
(777, 74, 24, 43, 3, 'SEDANG', 1, '2022-06-07 03:18:18.902', '2022-06-07 03:18:18.915', 13),
(778, 70, 23, 59, 4, 'SEDANG', 1, '2022-06-07 03:18:18.902', '2022-06-07 03:18:18.915', 14),
(779, 63, 24, 64, 4, 'SEDANG', 1, '2022-06-07 03:18:18.902', '2022-06-07 03:18:18.915', 12),
(780, 54, 22, 53, 4, 'SEDANG', 1, '2022-06-07 03:18:18.902', '2022-06-07 03:18:18.915', 10),
(781, 70, 23, 59, 7, 'SEDANG', 1, '2022-06-07 03:18:18.902', '2022-06-07 03:18:18.915', 16),
(782, 60, 22, 53, 4, 'SEDANG', 1, '2022-06-07 03:18:18.902', '2022-06-07 03:18:18.915', 12),
(783, 63, 25, 44, 5, 'SEDANG', 1, '2022-06-07 03:18:18.902', '2022-06-07 03:18:18.915', 11),
(784, 53, 22, 57, 5, 'SEDANG', 1, '2022-06-07 03:18:18.902', '2022-06-07 03:18:18.915', 14),
(785, 44, 22, 82, 3, 'SEDANG', 1, '2022-06-07 03:18:18.902', '2022-06-07 03:18:18.915', 10),
(786, 77, 22, 77, 9, 'SEDANG', 1, '2022-06-07 03:18:18.902', '2022-06-07 03:18:18.915', 53),
(787, 78, 24, 86, 6, 'SEDANG', 1, '2022-06-07 03:18:18.902', '2022-06-07 03:18:18.915', 23),
(788, 68, 25, 52, 5, 'SEDANG', 1, '2022-06-07 03:18:18.902', '2022-06-07 03:18:18.915', 14),
(789, 80, 24, 69, 3, 'SEDANG', 1, '2022-06-07 03:18:18.902', '2022-06-07 03:18:18.915', 12),
(790, 78, 24, 66, 4, 'SEDANG', 1, '2022-06-07 03:18:18.902', '2022-06-07 03:18:18.915', 11),
(791, 79, 23, 70, 5, 'SEDANG', 1, '2022-06-07 03:18:18.902', '2022-06-07 03:18:18.915', 13),
(792, 59, 10, 69, 10, 'SEDANG', 1, '2022-06-07 03:18:18.902', '2022-06-07 03:18:18.915', 19),
(793, 42, 10, 57, 7, 'SEDANG', 1, '2022-06-07 03:18:18.902', '2022-06-07 03:18:18.915', 9),
(794, 40, 9, 48, 3, 'BAIK', 1, '2022-06-07 03:18:18.902', '2022-06-07 03:18:18.915', 10),
(795, 49, 12, 41, 2, 'BAIK', 1, '2022-06-07 03:18:18.902', '2022-06-07 03:18:18.915', 17),
(796, 55, 13, 96, 2, 'SEDANG', 1, '2022-06-07 03:18:18.902', '2022-06-07 03:18:18.915', 14),
(797, 59, 13, 98, 4, 'SEDANG', 1, '2022-06-07 03:18:18.902', '2022-06-07 03:18:18.915', 14),
(798, 51, 11, 95, 4, 'SEDANG', 1, '2022-06-07 03:18:18.902', '2022-06-07 03:18:18.915', 10),
(799, 56, 12, 53, 3, 'SEDANG', 1, '2022-06-07 03:18:18.902', '2022-06-07 03:18:18.915', 17),
(800, 60, 12, 61, 3, 'SEDANG', 1, '2022-06-07 03:18:18.902', '2022-06-07 03:18:18.915', 27),
(801, 56, 12, 61, 6, 'SEDANG', 1, '2022-06-07 03:18:18.902', '2022-06-07 03:18:18.915', 24),
(802, 13, 13, 79, 9, 'SEDANG', 1, '2022-06-07 03:18:18.902', '2022-06-07 03:18:18.915', 8),
(803, 5, 11, 97, 8, 'SEDANG', 1, '2022-06-07 03:18:18.902', '2022-06-07 03:18:18.915', 8),
(804, 53, 11, 99, 7, 'SEDANG', 1, '2022-06-07 03:18:18.902', '2022-06-07 03:18:18.915', 10),
(805, 54, 12, 97, 8, 'SEDANG', 1, '2022-06-07 03:18:18.902', '2022-06-07 03:18:18.915', 12),
(806, 60, 13, 95, 8, 'SEDANG', 1, '2022-06-07 03:18:18.902', '2022-06-07 03:18:18.915', 10),
(807, 57, 17, 59, 9, 'SEDANG', 1, '2022-06-07 03:18:18.902', '2022-06-07 03:18:18.915', 10),
(808, 52, 13, 73, 8, 'SEDANG', 1, '2022-06-07 03:18:18.902', '2022-06-07 03:18:18.915', 13),
(809, 57, 15, 79, 9, 'SEDANG', 1, '2022-06-07 03:18:18.902', '2022-06-07 03:18:18.915', 14),
(810, 57, 11, 75, 7, 'SEDANG', 1, '2022-06-07 03:18:18.902', '2022-06-07 03:18:18.915', 12),
(811, 60, 12, 92, 13, 'SEDANG', 1, '2022-06-07 03:18:18.902', '2022-06-07 03:18:18.915', 19),
(812, 57, 12, 90, 8, 'SEDANG', 1, '2022-06-07 03:18:18.902', '2022-06-07 03:18:18.915', 14),
(813, 59, 15, 65, 9, 'SEDANG', 1, '2022-06-07 03:18:18.902', '2022-06-07 03:18:18.915', 12),
(814, 49, 13, 69, 12, 'SEDANG', 1, '2022-06-07 03:18:18.902', '2022-06-07 03:18:18.915', 15),
(815, 52, 11, 85, 13, 'SEDANG', 1, '2022-06-07 03:18:18.903', '2022-06-07 03:18:18.915', 11),
(816, 76, 16, 85, 17, 'SEDANG', 1, '2022-06-07 03:18:18.903', '2022-06-07 03:18:18.915', 38),
(817, 71, 14, 97, 13, 'SEDANG', 1, '2022-06-07 03:18:18.903', '2022-06-07 03:18:18.915', 23),
(818, 55, 14, 64, 7, 'SEDANG', 1, '2022-06-07 03:18:18.903', '2022-06-07 03:18:18.915', 11),
(819, 58, 16, 71, 7, 'SEDANG', 1, '2022-06-07 03:18:18.903', '2022-06-07 03:18:18.915', 10),
(820, 56, 15, 90, 11, 'SEDANG', 1, '2022-06-07 03:18:18.903', '2022-06-07 03:18:18.915', 10),
(821, 67, 15, 86, 10, 'SEDANG', 1, '2022-06-07 03:18:18.903', '2022-06-07 03:18:18.915', 16),
(822, 69, 18, 65, 11, 'SEDANG', 1, '2022-06-07 03:18:18.903', '2022-06-07 03:18:18.915', 6),
(823, 68, 17, 47, 11, 'SEDANG', 1, '2022-06-07 03:18:18.903', '2022-06-07 03:18:18.915', 7),
(824, 54, 18, 32, 9, 'SEDANG', 1, '2022-06-07 03:18:18.903', '2022-06-07 03:18:18.915', 7),
(825, 70, 18, 43, 12, 'SEDANG', 1, '2022-06-07 03:18:18.903', '2022-06-07 03:18:18.915', 8),
(826, 63, 20, 40, 9, 'SEDANG', 1, '2022-06-07 03:18:18.903', '2022-06-07 03:18:18.915', 5),
(827, 58, 21, 39, 12, 'SEDANG', 1, '2022-06-07 03:18:18.903', '2022-06-07 03:18:18.915', 7),
(828, 53, 22, 33, 12, 'SEDANG', 1, '2022-06-07 03:18:18.903', '2022-06-07 03:18:18.915', 6),
(829, 60, 20, 59, 15, 'SEDANG', 1, '2022-06-07 03:18:18.903', '2022-06-07 03:18:18.915', 6),
(830, 54, 16, 67, 12, 'SEDANG', 1, '2022-06-07 03:18:18.903', '2022-06-07 03:18:18.915', 8),
(831, 62, 19, 80, 17, 'SEDANG', 1, '2022-06-07 03:18:18.903', '2022-06-07 03:18:18.915', 8),
(832, 73, 17, 47, 16, 'SEDANG', 1, '2022-06-07 03:18:18.903', '2022-06-07 03:18:18.915', 9),
(833, 62, 17, 60, 9, 'SEDANG', 1, '2022-06-07 03:18:18.903', '2022-06-07 03:18:18.915', 6),
(834, 61, 19, 44, 10, 'SEDANG', 1, '2022-06-07 03:18:18.903', '2022-06-07 03:18:18.915', 5),
(835, 64, 21, 55, 16, 'SEDANG', 1, '2022-06-07 03:18:18.903', '2022-06-07 03:18:18.915', 6),
(836, 57, 16, 31, 12, 'SEDANG', 1, '2022-06-07 03:18:18.903', '2022-06-07 03:18:18.915', 6),
(837, 48, 19, 24, 11, 'BAIK', 1, '2022-06-07 03:18:18.903', '2022-06-07 03:18:18.915', 5),
(838, 56, 24, 39, 10, 'SEDANG', 1, '2022-06-07 03:18:18.903', '2022-06-07 03:18:18.915', 7),
(839, 55, 21, 54, 15, 'SEDANG', 1, '2022-06-07 03:18:18.903', '2022-06-07 03:18:18.915', 7),
(840, 68, 17, 66, 10, 'SEDANG', 1, '2022-06-07 03:18:18.903', '2022-06-07 03:18:18.915', 6),
(841, 66, 16, 77, 12, 'SEDANG', 1, '2022-06-07 03:18:18.903', '2022-06-07 03:18:18.915', 8),
(842, 59, 19, 58, 12, 'SEDANG', 1, '2022-06-07 03:18:18.903', '2022-06-07 03:18:18.915', 8),
(843, 56, 16, 49, 15, 'SEDANG', 1, '2022-06-07 03:18:18.903', '2022-06-07 03:18:18.915', 6),
(844, 62, 16, 85, 11, 'SEDANG', 1, '2022-06-07 03:18:18.903', '2022-06-07 03:18:18.915', 7),
(845, 60, 18, 56, 13, 'SEDANG', 1, '2022-06-07 03:18:18.903', '2022-06-07 03:18:18.915', 7),
(846, 64, 18, 60, 11, 'SEDANG', 1, '2022-06-07 03:18:18.903', '2022-06-07 03:18:18.915', 7),
(847, 59, 19, 45, 10, 'SEDANG', 1, '2022-06-07 03:18:18.903', '2022-06-07 03:18:18.915', 5),
(848, 58, 21, 56, 11, 'SEDANG', 1, '2022-06-07 03:18:18.903', '2022-06-07 03:18:18.915', 6),
(849, 68, 20, 89, 14, 'SEDANG', 1, '2022-06-07 03:18:18.903', '2022-06-07 03:18:18.915', 7),
(850, 66, 19, 107, 14, 'TIDAK SEHAT', 1, '2022-06-07 03:18:18.903', '2022-06-07 03:18:18.915', 7),
(851, 68, 17, 104, 12, 'TIDAK SEHAT', 1, '2022-06-07 03:18:18.903', '2022-06-07 03:18:18.915', 7),
(852, 56, 19, 62, 14, 'SEDANG', 1, '2022-06-07 03:18:18.903', '2022-06-07 03:18:18.915', 7),
(853, 74, 29, 69, 14, 'SEDANG', 1, '2022-06-07 03:18:18.903', '2022-06-07 03:18:18.915', 10),
(854, 79, 24, 64, 13, 'SEDANG', 1, '2022-06-07 03:18:18.903', '2022-06-07 03:18:18.915', 14),
(855, 58, 27, 54, 10, 'SEDANG', 1, '2022-06-07 03:18:18.903', '2022-06-07 03:18:18.915', 9),
(856, 62, 20, 67, 14, 'SEDANG', 1, '2022-06-07 03:18:18.903', '2022-06-07 03:18:18.915', 14),
(857, 65, 24, 57, 12, 'SEDANG', 1, '2022-06-07 03:18:18.903', '2022-06-07 03:18:18.915', 8),
(858, 75, 39, 53, 16, 'SEDANG', 1, '2022-06-07 03:18:18.903', '2022-06-07 03:18:18.915', 12),
(859, 57, 30, 47, 16, 'SEDANG', 1, '2022-06-07 03:18:18.903', '2022-06-07 03:18:18.915', 9),
(860, 69, 28, 84, 12, 'SEDANG', 1, '2022-06-07 03:18:18.903', '2022-06-07 03:18:18.915', 9),
(861, 60, 18, 102, 11, 'TIDAK SEHAT', 1, '2022-06-07 03:18:18.903', '2022-06-07 03:18:18.915', 12),
(862, 70, 24, 87, 19, 'SEDANG', 1, '2022-06-07 03:18:18.903', '2022-06-07 03:18:18.915', 14),
(863, 73, 23, 78, 13, 'SEDANG', 1, '2022-06-07 03:18:18.903', '2022-06-07 03:18:18.915', 13),
(864, 68, 20, 61, 9, 'SEDANG', 1, '2022-06-07 03:18:18.903', '2022-06-07 03:18:18.915', 12),
(865, 68, 21, 54, 12, 'SEDANG', 1, '2022-06-07 03:18:18.903', '2022-06-07 03:18:18.915', 9),
(866, 69, 23, 71, 10, 'SEDANG', 1, '2022-06-07 03:18:18.903', '2022-06-07 03:18:18.915', 9),
(867, 61, 18, 43, 9, 'SEDANG', 1, '2022-06-07 03:18:18.903', '2022-06-07 03:18:18.915', 8),
(868, 55, 20, 44, 11, 'SEDANG', 1, '2022-06-07 03:18:18.904', '2022-06-07 03:18:18.915', 7),
(869, 62, 31, 54, 13, 'SEDANG', 1, '2022-06-07 03:18:18.904', '2022-06-07 03:18:18.915', 10),
(870, 56, 25, 72, 11, 'SEDANG', 1, '2022-06-07 03:18:18.904', '2022-06-07 03:18:18.915', 8),
(871, 71, 25, 81, 10, 'SEDANG', 1, '2022-06-07 03:18:18.904', '2022-06-07 03:18:18.915', 12),
(872, 63, 22, 55, 14, 'SEDANG', 1, '2022-06-07 03:18:18.904', '2022-06-07 03:18:18.915', 10),
(873, 60, 17, 62, 10, 'SEDANG', 1, '2022-06-07 03:18:18.904', '2022-06-07 03:18:18.915', 9),
(874, 61, 17, 71, 8, 'SEDANG', 1, '2022-06-07 03:18:18.904', '2022-06-07 03:18:18.915', 9),
(875, 64, 21, 73, 13, 'SEDANG', 1, '2022-06-07 03:18:18.904', '2022-06-07 03:18:18.915', 10),
(876, 69, 19, 70, 10, 'SEDANG', 1, '2022-06-07 03:18:18.904', '2022-06-07 03:18:18.915', 9),
(877, 62, 20, 56, 6, 'SEDANG', 1, '2022-06-07 03:18:18.904', '2022-06-07 03:18:18.915', 8),
(878, 67, 31, 62, 12, 'SEDANG', 1, '2022-06-07 03:18:18.904', '2022-06-07 03:18:18.915', 9),
(879, 71, 24, 115, 14, 'TIDAK SEHAT', 1, '2022-06-07 03:18:18.904', '2022-06-07 03:18:18.915', 13),
(880, 65, 21, 112, 11, 'TIDAK SEHAT', 1, '2022-06-07 03:18:18.904', '2022-06-07 03:18:18.915', 9),
(881, 64, 20, 101, 14, 'TIDAK SEHAT', 1, '2022-06-07 03:18:18.904', '2022-06-07 03:18:18.915', 13),
(882, 59, 20, 115, 10, 'TIDAK SEHAT', 1, '2022-06-07 03:18:18.904', '2022-06-07 03:18:18.915', 8),
(883, 63, 13, 71, 6, 'SEDANG', 1, '2022-06-07 03:18:18.904', '2022-06-07 03:18:18.915', 15),
(884, 68, 14, 59, 11, 'SEDANG', 1, '2022-06-07 03:18:18.904', '2022-06-07 03:18:18.915', 20),
(885, 58, 14, 88, 10, 'SEDANG', 1, '2022-06-07 03:18:18.904', '2022-06-07 03:18:18.915', 23),
(886, 48, 13, 71, 6, 'SEDANG', 1, '2022-06-07 03:18:18.904', '2022-06-07 03:18:18.915', 16),
(887, 57, 15, 48, 8, 'SEDANG', 1, '2022-06-07 03:18:18.904', '2022-06-07 03:18:18.915', 16),
(888, 53, 15, 56, 7, 'SEDANG', 1, '2022-06-07 03:18:18.904', '2022-06-07 03:18:18.915', 16),
(889, 51, 15, 61, 12, 'SEDANG', 1, '2022-06-07 03:18:18.904', '2022-06-07 03:18:18.915', 15),
(890, 56, 15, 73, 9, 'SEDANG', 1, '2022-06-07 03:18:18.904', '2022-06-07 03:18:18.915', 15),
(891, 49, 14, 64, 6, 'SEDANG', 1, '2022-06-07 03:18:18.904', '2022-06-07 03:18:18.915', 14),
(892, 65, 15, 113, 10, 'TIDAK SEHAT', 1, '2022-06-07 03:18:18.904', '2022-06-07 03:18:18.915', 21),
(893, 71, 16, 111, 10, 'TIDAK SEHAT', 1, '2022-06-07 03:18:18.904', '2022-06-07 03:18:18.915', 20),
(894, 64, 15, 78, 8, 'SEDANG', 1, '2022-06-07 03:18:18.904', '2022-06-07 03:18:18.915', 24),
(895, 64, 15, 71, 13, 'SEDANG', 1, '2022-06-07 03:18:18.904', '2022-06-07 03:18:18.915', 20),
(896, 66, 16, 59, 9, 'SEDANG', 1, '2022-06-07 03:18:18.904', '2022-06-07 03:18:18.915', 15),
(897, 61, 16, 51, 7, 'SEDANG', 1, '2022-06-07 03:18:18.904', '2022-06-07 03:18:18.915', 14),
(898, 50, 17, 37, 8, 'BAIK', 1, '2022-06-07 03:18:18.904', '2022-06-07 03:18:18.915', 13),
(899, 67, 18, 89, 8, 'SEDANG', 1, '2022-06-07 03:18:18.904', '2022-06-07 03:18:18.915', 17),
(900, 63, 17, 77, 6, 'SEDANG', 1, '2022-06-07 03:18:18.904', '2022-06-07 03:18:18.915', 13),
(901, 56, 18, 79, 9, 'SEDANG', 1, '2022-06-07 03:18:18.904', '2022-06-07 03:18:18.915', 11),
(902, 56, 19, 73, 8, 'SEDANG', 1, '2022-06-07 03:18:18.904', '2022-06-07 03:18:18.915', 12),
(903, 64, 19, 95, 9, 'SEDANG', 1, '2022-06-07 03:18:18.904', '2022-06-07 03:18:18.915', 16),
(904, 64, 20, 111, 12, 'TIDAK SEHAT', 1, '2022-06-07 03:18:18.904', '2022-06-07 03:18:18.915', 16),
(905, 67, 18, 136, 8, 'TIDAK SEHAT', 1, '2022-06-07 03:18:18.904', '2022-06-07 03:18:18.915', 14),
(906, 53, 19, 70, 8, 'SEDANG', 1, '2022-06-07 03:18:18.904', '2022-06-07 03:18:18.915', 13),
(907, 63, 22, 74, 4, 'SEDANG', 1, '2022-06-07 03:18:18.904', '2022-06-07 03:18:18.915', 8),
(908, 73, 22, 45, 5, 'SEDANG', 1, '2022-06-07 03:18:18.904', '2022-06-07 03:18:18.915', 19),
(909, 58, 23, 47, 6, 'SEDANG', 1, '2022-06-07 03:18:18.904', '2022-06-07 03:18:18.915', 14),
(910, 65, 23, 52, 5, 'SEDANG', 1, '2022-06-07 03:18:18.904', '2022-06-07 03:18:18.915', 13),
(911, 67, 24, 45, 4, 'SEDANG', 1, '2022-06-07 03:18:18.904', '2022-06-07 03:18:18.915', 9),
(912, 61, 24, 40, 6, 'SEDANG', 1, '2022-06-07 03:18:18.904', '2022-06-07 03:18:18.915', 13),
(913, 56, 23, 44, 4, 'SEDANG', 1, '2022-06-07 03:18:18.904', '2022-06-07 03:18:18.915', 8),
(914, 65, 25, 48, 5, 'SEDANG', 1, '2022-06-07 03:18:18.904', '2022-06-07 03:18:18.915', 10),
(915, 52, 22, 97, 4, 'SEDANG', 1, '2022-06-07 03:18:18.904', '2022-06-07 03:18:18.915', 8),
(916, 69, 23, 113, 7, 'TIDAK SEHAT', 1, '2022-06-07 03:18:18.904', '2022-06-07 03:18:18.915', 13),
(917, 86, 23, 53, 5, 'SEDANG', 1, '2022-06-07 03:18:18.904', '2022-06-07 03:18:18.915', 18),
(918, 59, 22, 64, 4, 'SEDANG', 1, '2022-06-07 03:18:18.904', '2022-06-07 03:18:18.915', 17),
(919, 67, 25, 51, 3, 'SEDANG', 1, '2022-06-07 03:18:18.904', '2022-06-07 03:18:18.915', 14),
(920, 63, 22, 47, 4, 'SEDANG', 1, '2022-06-07 03:18:18.904', '2022-06-07 03:18:18.915', 11),
(921, 52, 27, 26, 4, 'SEDANG', 1, '2022-06-07 03:18:18.904', '2022-06-07 03:18:18.915', 5),
(922, 66, 26, 49, 5, 'SEDANG', 1, '2022-06-07 03:18:18.904', '2022-06-07 03:18:18.915', 13),
(923, 59, 24, 73, 4, 'SEDANG', 1, '2022-06-07 03:18:18.904', '2022-06-07 03:18:18.915', 10),
(924, 70, 24, 69, 5, 'SEDANG', 1, '2022-06-07 03:18:18.904', '2022-06-07 03:18:18.915', 15),
(925, 57, 24, 87, 4, 'SEDANG', 1, '2022-06-07 03:18:18.904', '2022-06-07 03:18:18.915', 12),
(926, 63, 23, 53, 5, 'SEDANG', 1, '2022-06-07 03:18:18.904', '2022-06-07 03:18:18.915', 12),
(927, 55, 25, 67, 4, 'SEDANG', 1, '2022-06-07 03:18:18.904', '2022-06-07 03:18:18.915', 7),
(928, 59, 24, 78, 4, 'SEDANG', 1, '2022-06-07 03:18:18.904', '2022-06-07 03:18:18.915', 10),
(929, 59, 24, 65, 4, 'SEDANG', 1, '2022-06-07 03:18:18.904', '2022-06-07 03:18:18.915', 8),
(930, 58, 26, 52, 6, 'SEDANG', 1, '2022-06-07 03:18:18.904', '2022-06-07 03:18:18.915', 8),
(931, 62, 26, 61, 5, 'SEDANG', 1, '2022-06-07 03:18:18.905', '2022-06-07 03:18:18.915', 9),
(932, 76, 24, 96, 7, 'SEDANG', 1, '2022-06-07 03:18:18.905', '2022-06-07 03:18:18.915', 13),
(933, 68, 25, 76, 5, 'SEDANG', 1, '2022-06-07 03:18:18.905', '2022-06-07 03:18:18.915', 13),
(934, 55, 15, 94, 9, 'SEDANG', 1, '2022-06-07 03:18:18.905', '2022-06-07 03:18:18.915', 9),
(935, 63, 15, 71, 11, 'SEDANG', 1, '2022-06-07 03:18:18.905', '2022-06-07 03:18:18.915', 15),
(936, 52, 15, 54, 14, 'SEDANG', 1, '2022-06-07 03:18:18.905', '2022-06-07 03:18:18.915', 17),
(937, 53, 14, 71, 10, 'SEDANG', 1, '2022-06-07 03:18:18.905', '2022-06-07 03:18:18.915', 13),
(938, 51, 17, 55, 8, 'SEDANG', 1, '2022-06-07 03:18:18.905', '2022-06-07 03:18:18.915', 10),
(939, 47, 18, 66, 7, 'SEDANG', 1, '2022-06-07 03:18:18.905', '2022-06-07 03:18:18.915', 11),
(940, 42, 20, 63, 12, 'SEDANG', 1, '2022-06-07 03:18:18.905', '2022-06-07 03:18:18.915', 11),
(941, 53, 17, 90, 5, 'SEDANG', 1, '2022-06-07 03:18:18.905', '2022-06-07 03:18:18.915', 12),
(942, 50, 14, 81, 7, 'SEDANG', 1, '2022-06-07 03:18:18.905', '2022-06-07 03:18:18.915', 14),
(943, 58, 17, 100, 7, 'SEDANG', 1, '2022-06-07 03:18:18.905', '2022-06-07 03:18:18.915', 11),
(944, 71, 15, 88, 10, 'SEDANG', 1, '2022-06-07 03:18:18.905', '2022-06-07 03:18:18.915', 19),
(945, 58, 21, 71, 6, 'SEDANG', 1, '2022-06-07 03:18:18.905', '2022-06-07 03:18:18.915', 11),
(946, 48, 14, 49, 5, 'BAIK', 1, '2022-06-07 03:18:18.905', '2022-06-07 03:18:18.915', 9),
(947, 36, 17, 52, 5, 'SEDANG', 1, '2022-06-07 03:18:18.905', '2022-06-07 03:18:18.915', 8),
(948, 48, 19, 68, 7, 'SEDANG', 1, '2022-06-07 03:18:18.905', '2022-06-07 03:18:18.915', 11),
(949, 52, 16, 84, 6, 'SEDANG', 1, '2022-06-07 03:18:18.905', '2022-06-07 03:18:18.915', 11),
(950, 63, 15, 90, 6, 'SEDANG', 1, '2022-06-07 03:18:18.905', '2022-06-07 03:18:18.915', 19),
(951, 60, 14, 119, 5, 'TIDAK SEHAT', 1, '2022-06-07 03:18:18.905', '2022-06-07 03:18:18.915', 13),
(952, 87, 15, 95, 11, 'SEDANG', 1, '2022-06-07 03:18:18.905', '2022-06-07 03:18:18.915', 48),
(953, 50, 15, 75, 6, 'SEDANG', 1, '2022-06-07 03:18:18.905', '2022-06-07 03:18:18.915', 12),
(954, 63, 15, 130, 6, 'TIDAK SEHAT', 1, '2022-06-07 03:18:18.905', '2022-06-07 03:18:18.915', 15),
(955, 67, 15, 98, 6, 'SEDANG', 1, '2022-06-07 03:18:18.905', '2022-06-07 03:18:18.915', 18),
(956, 59, 15, 92, 5, 'SEDANG', 1, '2022-06-07 03:18:18.905', '2022-06-07 03:18:18.915', 10),
(957, 56, 17, 65, 6, 'SEDANG', 1, '2022-06-07 03:18:18.905', '2022-06-07 03:18:18.915', 9),
(958, 53, 19, 89, 6, 'SEDANG', 1, '2022-06-07 03:18:18.905', '2022-06-07 03:18:18.915', 11),
(959, 70, 18, 160, 10, 'TIDAK SEHAT', 1, '2022-06-07 03:18:18.905', '2022-06-07 03:18:18.915', 21),
(960, 67, 18, 164, 12, 'TIDAK SEHAT', 1, '2022-06-07 03:18:18.905', '2022-06-07 03:18:18.915', 17),
(961, 66, 17, 91, 5, 'SEDANG', 1, '2022-06-07 03:18:18.905', '2022-06-07 03:18:18.915', 13),
(962, 47, 17, 82, 5, 'SEDANG', 1, '2022-06-07 03:18:18.905', '2022-06-07 03:18:18.915', 10),
(963, 65, 18, 84, 13, 'SEDANG', 1, '2022-06-07 03:18:18.905', '2022-06-07 03:18:18.915', 7),
(964, 75, 17, 77, 15, 'SEDANG', 1, '2022-06-07 03:18:18.905', '2022-06-07 03:18:18.915', 11),
(965, 71, 18, 65, 11, 'SEDANG', 1, '2022-06-07 03:18:18.905', '2022-06-07 03:18:18.915', 9),
(966, 61, 19, 61, 11, 'SEDANG', 1, '2022-06-07 03:18:18.905', '2022-06-07 03:18:18.915', 5),
(967, 67, 20, 70, 12, 'SEDANG', 1, '2022-06-07 03:18:18.905', '2022-06-07 03:18:18.915', 7),
(968, 70, 23, 55, 16, 'SEDANG', 1, '2022-06-07 03:18:18.905', '2022-06-07 03:18:18.915', 6),
(969, 65, 19, 72, 12, 'SEDANG', 1, '2022-06-07 03:18:18.905', '2022-06-07 03:18:18.915', 6),
(970, 64, 18, 58, 14, 'SEDANG', 1, '2022-06-07 03:18:18.905', '2022-06-07 03:18:18.915', 6),
(971, 54, 15, 65, 12, 'SEDANG', 1, '2022-06-07 03:18:18.905', '2022-06-07 03:18:18.915', 6),
(972, 58, 18, 47, 11, 'SEDANG', 1, '2022-06-07 03:18:18.905', '2022-06-07 03:18:18.915', 5),
(973, 60, 20, 34, 10, 'SEDANG', 1, '2022-06-07 03:18:18.905', '2022-06-07 03:18:18.915', 5),
(974, 68, 19, 49, 17, 'SEDANG', 1, '2022-06-07 03:18:18.905', '2022-06-07 03:18:18.915', 14),
(975, 53, 16, 41, 12, 'SEDANG', 1, '2022-06-07 03:18:18.905', '2022-06-07 03:18:18.915', 7),
(976, 40, 16, 43, 16, 'BAIK', 1, '2022-06-07 03:18:18.905', '2022-06-07 03:18:18.915', 8),
(977, 58, 18, 29, 12, 'SEDANG', 1, '2022-06-07 03:18:18.905', '2022-06-07 03:18:18.915', 10),
(978, 50, 19, 44, 10, 'BAIK', 1, '2022-06-07 03:18:18.905', '2022-06-07 03:18:18.915', 4),
(979, 52, 16, 52, 10, 'SEDANG', 1, '2022-06-07 03:18:18.905', '2022-06-07 03:18:18.915', 7),
(980, 52, 17, 66, 13, 'SEDANG', 1, '2022-06-07 03:18:18.905', '2022-06-07 03:18:18.915', 10),
(981, 65, 18, 39, 18, 'SEDANG', 1, '2022-06-07 03:18:18.905', '2022-06-07 03:18:18.915', 15),
(982, 54, 17, 40, 13, 'SEDANG', 1, '2022-06-07 03:18:18.905', '2022-06-07 03:18:18.915', 6),
(983, 46, 18, 41, 9, 'BAIK', 1, '2022-06-07 03:18:18.905', '2022-06-07 03:18:18.915', 3),
(984, 58, 21, 42, 11, 'SEDANG', 1, '2022-06-07 03:18:18.905', '2022-06-07 03:18:18.915', 5),
(985, 63, 22, 53, 13, 'SEDANG', 1, '2022-06-07 03:18:18.905', '2022-06-07 03:18:18.915', 7),
(986, 55, 18, 44, 11, 'SEDANG', 1, '2022-06-07 03:18:18.905', '2022-06-07 03:18:18.915', 5),
(987, 57, 20, 53, 14, 'SEDANG', 1, '2022-06-07 03:18:18.905', '2022-06-07 03:18:18.915', 7),
(988, 52, 20, 66, 11, 'SEDANG', 1, '2022-06-07 03:18:18.905', '2022-06-07 03:18:18.915', 5),
(989, 55, 18, 52, 11, 'SEDANG', 1, '2022-06-07 03:18:18.905', '2022-06-07 03:18:18.915', 5),
(990, 57, 19, 48, 16, 'SEDANG', 1, '2022-06-07 03:18:18.905', '2022-06-07 03:18:18.915', 5),
(991, 59, 20, 54, 8, 'SEDANG', 1, '2022-06-07 03:18:18.905', '2022-06-07 03:18:18.915', 4),
(992, 56, 19, 58, 6, 'SEDANG', 1, '2022-06-07 03:18:18.905', '2022-06-07 03:18:18.915', 4),
(993, 57, 20, 68, 14, 'SEDANG', 1, '2022-06-07 03:18:18.905', '2022-06-07 03:18:18.915', 6),
(994, 69, 22, 90, 14, 'SEDANG', 1, '2022-06-07 03:18:18.905', '2022-06-07 03:18:18.915', 16),
(995, 78, 21, 102, 16, 'TIDAK SEHAT', 1, '2022-06-07 03:18:18.905', '2022-06-07 03:18:18.915', 23),
(996, 76, 22, 88, 16, 'SEDANG', 1, '2022-06-07 03:18:18.905', '2022-06-07 03:18:18.915', 16),
(997, 67, 18, 73, 12, 'SEDANG', 1, '2022-06-07 03:18:18.905', '2022-06-07 03:18:18.915', 8),
(998, 71, 20, 81, 15, 'SEDANG', 1, '2022-06-07 03:18:18.905', '2022-06-07 03:18:18.915', 11),
(999, 72, 20, 65, 13, 'SEDANG', 1, '2022-06-07 03:18:18.906', '2022-06-07 03:18:18.915', 10),
(1000, 65, 18, 69, 14, 'SEDANG', 1, '2022-06-07 03:18:18.906', '2022-06-07 03:18:18.915', 8),
(1001, 63, 17, 61, 9, 'SEDANG', 1, '2022-06-07 03:18:18.906', '2022-06-07 03:18:18.915', 7),
(1002, 54, 17, 58, 7, 'SEDANG', 1, '2022-06-07 03:18:18.906', '2022-06-07 03:18:18.915', 6),
(1003, 58, 17, 58, 12, 'SEDANG', 1, '2022-06-07 03:18:18.906', '2022-06-07 03:18:18.915', 7),
(1004, 61, 21, 58, 12, 'SEDANG', 1, '2022-06-07 03:18:18.906', '2022-06-07 03:18:18.915', 8),
(1005, 72, 24, 58, 18, 'SEDANG', 1, '2022-06-07 03:18:18.906', '2022-06-07 03:18:18.915', 25),
(1006, 50, 17, 51, 13, 'SEDANG', 1, '2022-06-07 03:18:18.906', '2022-06-07 03:18:18.915', 7),
(1007, 30, 18, 49, 17, 'BAIK', 1, '2022-06-07 03:18:18.906', '2022-06-07 03:18:18.915', 14),
(1008, 52, 24, 57, 9, 'SEDANG', 1, '2022-06-07 03:18:18.906', '2022-06-07 03:18:18.915', 6),
(1009, 56, 20, 52, 9, 'SEDANG', 1, '2022-06-07 03:18:18.906', '2022-06-07 03:18:18.915', 13),
(1010, 54, 25, 69, 14, 'SEDANG', 1, '2022-06-07 03:18:18.906', '2022-06-07 03:18:18.915', 15),
(1011, 69, 33, 51, 17, 'SEDANG', 1, '2022-06-07 03:18:18.906', '2022-06-07 03:18:18.915', 18),
(1012, 51, 18, 54, 6, 'SEDANG', 1, '2022-06-07 03:18:18.906', '2022-06-07 03:18:18.915', 5),
(1013, 53, 22, 54, 10, 'SEDANG', 1, '2022-06-07 03:18:18.906', '2022-06-07 03:18:18.915', 5),
(1014, 63, 25, 57, 16, 'SEDANG', 1, '2022-06-07 03:18:18.906', '2022-06-07 03:18:18.915', 11),
(1015, 69, 33, 61, 14, 'SEDANG', 1, '2022-06-07 03:18:18.906', '2022-06-07 03:18:18.915', 16),
(1016, 60, 21, 68, 14, 'SEDANG', 1, '2022-06-07 03:18:18.906', '2022-06-07 03:18:18.915', 9),
(1017, 66, 26, 59, 17, 'SEDANG', 1, '2022-06-07 03:18:18.906', '2022-06-07 03:18:18.915', 9),
(1018, 63, 27, 67, 11, 'SEDANG', 1, '2022-06-07 03:18:18.906', '2022-06-07 03:18:18.915', 7),
(1019, 57, 20, 65, 9, 'SEDANG', 1, '2022-06-07 03:18:18.906', '2022-06-07 03:18:18.915', 7),
(1020, 74, 23, 56, 15, 'SEDANG', 1, '2022-06-07 03:18:18.906', '2022-06-07 03:18:18.915', 13),
(1021, 62, 25, 59, 12, 'SEDANG', 1, '2022-06-07 03:18:18.906', '2022-06-07 03:18:18.915', 8),
(1022, 61, 22, 70, 9, 'SEDANG', 1, '2022-06-07 03:18:18.906', '2022-06-07 03:18:18.915', 7),
(1023, 65, 22, 84, 12, 'SEDANG', 1, '2022-06-07 03:18:18.906', '2022-06-07 03:18:18.915', 9),
(1024, 60, 20, 77, 8, 'SEDANG', 1, '2022-06-07 03:18:18.906', '2022-06-07 03:18:18.915', 13),
(1025, 73, 20, 76, 10, 'SEDANG', 1, '2022-06-07 03:18:18.906', '2022-06-07 03:18:18.915', 21),
(1026, 66, 20, 78, 9, 'SEDANG', 1, '2022-06-07 03:18:18.906', '2022-06-07 03:18:18.915', 17),
(1027, 59, 19, 84, 6, 'SEDANG', 1, '2022-06-07 03:18:18.906', '2022-06-07 03:18:18.915', 12),
(1028, 68, 19, 62, 9, 'SEDANG', 1, '2022-06-07 03:18:18.906', '2022-06-07 03:18:18.915', 15),
(1029, 74, 19, 103, 8, 'TIDAK SEHAT', 1, '2022-06-07 03:18:18.906', '2022-06-07 03:18:18.915', 21),
(1030, 67, 19, 91, 9, 'SEDANG', 1, '2022-06-07 03:18:18.906', '2022-06-07 03:18:18.915', 18),
(1031, 62, 19, 63, 8, 'SEDANG', 1, '2022-06-07 03:18:18.906', '2022-06-07 03:18:18.915', 17),
(1032, 52, 19, 69, 8, 'SEDANG', 1, '2022-06-07 03:18:18.906', '2022-06-07 03:18:18.915', 17),
(1033, 53, 20, 76, 8, 'SEDANG', 1, '2022-06-07 03:18:18.906', '2022-06-07 03:18:18.915', 19),
(1034, 61, 20, 55, 9, 'SEDANG', 1, '2022-06-07 03:18:18.906', '2022-06-07 03:18:18.915', 19),
(1035, 60, 22, 67, 11, 'SEDANG', 1, '2022-06-07 03:18:18.906', '2022-06-07 03:18:18.915', 29),
(1036, 55, 21, 57, 9, 'SEDANG', 1, '2022-06-07 03:18:18.906', '2022-06-07 03:18:18.915', 19),
(1037, 38, 21, 51, 13, 'SEDANG', 1, '2022-06-07 03:18:18.906', '2022-06-07 03:18:18.915', 21),
(1038, 43, 21, 50, 8, 'BAIK', 1, '2022-06-07 03:18:18.906', '2022-06-07 03:18:18.915', 24),
(1039, 46, 21, 68, 6, 'SEDANG', 1, '2022-06-07 03:18:18.906', '2022-06-07 03:18:18.915', 20),
(1040, 48, 21, 53, 5, 'SEDANG', 1, '2022-06-07 03:18:18.906', '2022-06-07 03:18:18.915', 16),
(1041, 56, 22, 71, 9, 'SEDANG', 1, '2022-06-07 03:18:18.906', '2022-06-07 03:18:18.915', 19),
(1042, 60, 22, 82, 10, 'SEDANG', 1, '2022-06-07 03:18:18.906', '2022-06-07 03:18:18.915', 29),
(1043, 57, 22, 64, 8, 'SEDANG', 1, '2022-06-07 03:18:18.906', '2022-06-07 03:18:18.915', 18),
(1044, 46, 23, 55, 6, 'SEDANG', 1, '2022-06-07 03:18:18.906', '2022-06-07 03:18:18.915', 10),
(1045, 56, 24, 55, 11, 'SEDANG', 1, '2022-06-07 03:18:18.906', '2022-06-07 03:18:18.915', 20),
(1046, 65, 25, 80, 13, 'SEDANG', 1, '2022-06-07 03:18:18.906', '2022-06-07 03:18:18.915', 26),
(1047, 55, 27, 52, 8, 'SEDANG', 1, '2022-06-07 03:18:18.906', '2022-06-07 03:18:18.915', 17),
(1048, 54, 25, 58, 6, 'SEDANG', 1, '2022-06-07 03:18:18.906', '2022-06-07 03:18:18.915', 12),
(1049, 49, 25, 73, 7, 'SEDANG', 1, '2022-06-07 03:18:18.906', '2022-06-07 03:18:18.915', 9),
(1050, 51, 24, 65, 5, 'SEDANG', 1, '2022-06-07 03:18:18.906', '2022-06-07 03:18:18.915', 10),
(1051, 58, 25, 58, 9, 'SEDANG', 1, '2022-06-07 03:18:18.906', '2022-06-07 03:18:18.915', 13),
(1052, 50, 25, 61, 8, 'SEDANG', 1, '2022-06-07 03:18:18.906', '2022-06-07 03:18:18.915', 11),
(1053, 55, 26, 70, 10, 'SEDANG', 1, '2022-06-07 03:18:18.906', '2022-06-07 03:18:18.915', 15),
(1054, 56, 26, 86, 8, 'SEDANG', 1, '2022-06-07 03:18:18.906', '2022-06-07 03:18:18.915', 13),
(1055, 91, 27, 90, 7, 'SEDANG', 1, '2022-06-07 03:18:18.906', '2022-06-07 03:18:18.915', 26),
(1056, 95, 26, 84, 8, 'SEDANG', 1, '2022-06-07 03:18:18.906', '2022-06-07 03:18:18.915', 18),
(1057, 73, 27, 69, 5, 'SEDANG', 1, '2022-06-07 03:18:18.906', '2022-06-07 03:18:18.915', 7),
(1058, 86, 26, 81, 5, 'SEDANG', 1, '2022-06-07 03:18:18.906', '2022-06-07 03:18:18.915', 13),
(1059, 88, 27, 72, 5, 'SEDANG', 1, '2022-06-07 03:18:18.906', '2022-06-07 03:18:18.915', 13),
(1060, 81, 26, 97, 4, 'SEDANG', 1, '2022-06-07 03:18:18.906', '2022-06-07 03:18:18.915', 11),
(1061, 79, 28, 70, 3, 'SEDANG', 1, '2022-06-07 03:18:18.906', '2022-06-07 03:18:18.915', 9),
(1062, 74, 25, 66, 2, 'SEDANG', 1, '2022-06-07 03:18:18.906', '2022-06-07 03:18:18.915', 8),
(1063, 81, 25, 62, 3, 'SEDANG', 1, '2022-06-07 03:18:18.906', '2022-06-07 03:18:18.915', 10),
(1064, 96, 26, 47, 4, 'SEDANG', 1, '2022-06-07 03:18:18.906', '2022-06-07 03:18:18.915', 11),
(1065, 93, 25, 52, 6, 'SEDANG', 1, '2022-06-07 03:18:18.906', '2022-06-07 03:18:18.915', 37),
(1066, 81, 24, 37, 4, 'SEDANG', 1, '2022-06-07 03:18:18.906', '2022-06-07 03:18:18.915', 16),
(1067, 75, 23, 64, 10, 'SEDANG', 1, '2022-06-07 03:18:18.906', '2022-06-07 03:18:18.915', 17),
(1068, 80, 32, 75, 11, 'SEDANG', 1, '2022-06-07 03:18:18.906', '2022-06-07 03:18:18.915', 20),
(1069, 62, 30, 46, 6, 'SEDANG', 1, '2022-06-07 03:18:18.906', '2022-06-07 03:18:18.915', 6),
(1070, 71, 32, 44, 7, 'SEDANG', 1, '2022-06-07 03:18:18.906', '2022-06-07 03:18:18.915', 5),
(1071, 84, 31, 49, 10, 'SEDANG', 1, '2022-06-07 03:18:18.906', '2022-06-07 03:18:18.915', 13),
(1072, 72, 32, 64, 10, 'SEDANG', 1, '2022-06-07 03:18:18.906', '2022-06-07 03:18:18.915', 17),
(1073, 79, 31, 45, 9, 'SEDANG', 1, '2022-06-07 03:18:18.906', '2022-06-07 03:18:18.915', 15),
(1074, 74, 33, 48, 10, 'SEDANG', 1, '2022-06-07 03:18:18.906', '2022-06-07 03:18:18.915', 11),
(1075, 57, 31, 57, 7, 'SEDANG', 1, '2022-06-07 03:18:18.906', '2022-06-07 03:18:18.915', 7),
(1076, 55, 31, 64, 6, 'SEDANG', 1, '2022-06-07 03:18:18.907', '2022-06-07 03:18:18.915', 6),
(1077, 84, 33, 56, 10, 'SEDANG', 1, '2022-06-07 03:18:18.907', '2022-06-07 03:18:18.915', 14),
(1078, 70, 33, 59, 7, 'SEDANG', 1, '2022-06-07 03:18:18.907', '2022-06-07 03:18:18.915', 6),
(1079, 74, 33, 66, 8, 'SEDANG', 1, '2022-06-07 03:18:18.907', '2022-06-07 03:18:18.915', 11),
(1080, 69, 33, 83, 8, 'SEDANG', 1, '2022-06-07 03:18:18.907', '2022-06-07 03:18:18.915', 8),
(1081, 63, 16, 134, 8, 'TIDAK SEHAT', 1, '2022-06-07 03:18:18.907', '2022-06-07 03:18:18.915', 16),
(1082, 77, 18, 92, 11, 'SEDANG', 1, '2022-06-07 03:18:18.907', '2022-06-07 03:18:18.915', 24),
(1083, 69, 17, 90, 8, 'SEDANG', 1, '2022-06-07 03:18:18.907', '2022-06-07 03:18:18.915', 19),
(1084, 54, 18, 91, 8, 'SEDANG', 1, '2022-06-07 03:18:18.907', '2022-06-07 03:18:18.915', 12),
(1085, 64, 19, 84, 6, 'SEDANG', 1, '2022-06-07 03:18:18.907', '2022-06-07 03:18:18.915', 14),
(1086, 63, 21, 108, 6, 'TIDAK SEHAT', 1, '2022-06-07 03:18:18.907', '2022-06-07 03:18:18.915', 15),
(1087, 58, 19, 119, 5, 'TIDAK SEHAT', 1, '2022-06-07 03:18:18.907', '2022-06-07 03:18:18.915', 11),
(1088, 61, 17, 79, 5, 'SEDANG', 1, '2022-06-07 03:18:18.907', '2022-06-07 03:18:18.915', 14),
(1089, 50, 15, 82, 5, 'SEDANG', 1, '2022-06-07 03:18:18.907', '2022-06-07 03:18:18.915', 11),
(1090, 55, 18, 76, 7, 'SEDANG', 1, '2022-06-07 03:18:18.907', '2022-06-07 03:18:18.915', 18),
(1091, 55, 20, 78, 7, 'SEDANG', 1, '2022-06-07 03:18:18.907', '2022-06-07 03:18:18.915', 11),
(1092, 62, 17, 68, 11, 'SEDANG', 1, '2022-06-07 03:18:18.907', '2022-06-07 03:18:18.915', 32),
(1093, 54, 16, 58, 7, 'SEDANG', 1, '2022-06-07 03:18:18.907', '2022-06-07 03:18:18.915', 16),
(1094, 41, 16, 68, 11, 'SEDANG', 1, '2022-06-07 03:18:18.907', '2022-06-07 03:18:18.915', 17),
(1095, 57, 16, 59, 11, 'SEDANG', 1, '2022-06-07 03:18:18.907', '2022-06-07 03:18:18.915', 23),
(1096, 51, 17, 65, 5, 'SEDANG', 1, '2022-06-07 03:18:18.907', '2022-06-07 03:18:18.915', 17),
(1097, 46, 16, 67, 4, 'SEDANG', 1, '2022-06-07 03:18:18.907', '2022-06-07 03:18:18.915', 11),
(1098, 57, 17, 99, 7, 'SEDANG', 1, '2022-06-07 03:18:18.907', '2022-06-07 03:18:18.915', 18),
(1099, 64, 17, 66, 10, 'SEDANG', 1, '2022-06-07 03:18:18.907', '2022-06-07 03:18:18.915', 29),
(1100, 53, 18, 55, 6, 'SEDANG', 1, '2022-06-07 03:18:18.907', '2022-06-07 03:18:18.915', 12),
(1101, 34, 18, 58, 4, 'SEDANG', 1, '2022-06-07 03:18:18.907', '2022-06-07 03:18:18.915', 5),
(1102, 53, 20, 63, 5, 'SEDANG', 1, '2022-06-07 03:18:18.907', '2022-06-07 03:18:18.915', 12),
(1103, 64, 19, 88, 8, 'SEDANG', 1, '2022-06-07 03:18:18.907', '2022-06-07 03:18:18.915', 27),
(1104, 61, 18, 68, 6, 'SEDANG', 1, '2022-06-07 03:18:18.907', '2022-06-07 03:18:18.915', 17),
(1105, 58, 20, 75, 6, 'SEDANG', 1, '2022-06-07 03:18:18.907', '2022-06-07 03:18:18.915', 13),
(1106, 51, 20, 100, 4, 'SEDANG', 1, '2022-06-07 03:18:18.907', '2022-06-07 03:18:18.915', 9),
(1107, 51, 19, 80, 4, 'SEDANG', 1, '2022-06-07 03:18:18.907', '2022-06-07 03:18:18.915', 8),
(1108, 57, 18, 67, 9, 'SEDANG', 1, '2022-06-07 03:18:18.907', '2022-06-07 03:18:18.915', 15),
(1109, 54, 19, 71, 6, 'SEDANG', 1, '2022-06-07 03:18:18.907', '2022-06-07 03:18:18.915', 12),
(1110, 55, 21, 79, 6, 'SEDANG', 1, '2022-06-07 03:18:18.907', '2022-06-07 03:18:18.915', 14),
(1111, 57, 20, 134, 7, 'TIDAK SEHAT', 1, '2022-06-07 03:18:18.907', '2022-06-07 03:18:18.915', 12),
(1112, 63, 20, 60, 11, 'SEDANG', 1, '2022-06-07 03:24:21.231', '2022-06-07 03:24:21.232', 6),
(1113, 57, 18, 81, 13, 'SEDANG', 1, '2022-06-07 03:24:21.231', '2022-06-07 03:24:21.232', 6),
(1114, 58, 18, 65, 13, 'SEDANG', 1, '2022-06-07 03:24:21.231', '2022-06-07 03:24:21.232', 8),
(1115, 48, 19, 44, 9, 'SEDANG', 1, '2022-06-07 03:24:21.231', '2022-06-07 03:24:21.232', 5),
(1116, 50, 17, 88, 12, 'SEDANG', 1, '2022-06-07 03:24:21.231', '2022-06-07 03:24:21.232', 5),
(1117, 59, 17, 84, 12, 'SEDANG', 1, '2022-06-07 03:24:21.231', '2022-06-07 03:24:21.232', 7),
(1118, 58, 22, 47, 12, 'SEDANG', 1, '2022-06-07 03:24:21.231', '2022-06-07 03:24:21.232', 5),
(1119, 56, 22, 39, 9, 'SEDANG', 1, '2022-06-07 03:24:21.231', '2022-06-07 03:24:21.232', 4),
(1120, 56, 18, 78, 13, 'SEDANG', 1, '2022-06-07 03:24:21.231', '2022-06-07 03:24:21.232', 6),
(1121, 68, 18, 70, 22, 'SEDANG', 1, '2022-06-07 03:24:21.231', '2022-06-07 03:24:21.232', 7),
(1122, 59, 18, 99, 18, 'SEDANG', 1, '2022-06-07 03:24:21.231', '2022-06-07 03:24:21.232', 7),
(1123, 60, 18, 86, 11, 'SEDANG', 1, '2022-06-07 03:24:21.231', '2022-06-07 03:24:21.232', 7),
(1124, 57, 18, 58, 11, 'SEDANG', 1, '2022-06-07 03:24:21.231', '2022-06-07 03:24:21.232', 6),
(1125, 55, 16, 69, 12, 'SEDANG', 1, '2022-06-07 03:24:21.231', '2022-06-07 03:24:21.232', 6),
(1126, 57, 16, 59, 14, 'SEDANG', 1, '2022-06-07 03:24:21.231', '2022-06-07 03:24:21.232', 7),
(1127, 45, 18, 49, 10, 'SEDANG', 1, '2022-06-07 03:24:21.231', '2022-06-07 03:24:21.232', 4),
(1128, 52, 19, 42, 10, 'SEDANG', 1, '2022-06-07 03:24:21.231', '2022-06-07 03:24:21.232', 4),
(1129, 60, 22, 68, 11, 'SEDANG', 1, '2022-06-07 03:24:21.231', '2022-06-07 03:24:21.232', 5),
(1130, 44, 19, 35, 6, 'SEDANG', 1, '2022-06-07 03:24:21.231', '2022-06-07 03:24:21.232', 3),
(1131, 46, 18, 64, 9, 'SEDANG', 1, '2022-06-07 03:24:21.231', '2022-06-07 03:24:21.232', 8),
(1132, 37, 15, 82, 11, 'SEDANG', 1, '2022-06-07 03:24:21.231', '2022-06-07 03:24:21.232', 6),
(1133, 54, 20, 78, 12, 'SEDANG', 1, '2022-06-07 03:24:21.231', '2022-06-07 03:24:21.232', 7),
(1134, 57, 17, 82, 14, 'SEDANG', 1, '2022-06-07 03:24:21.231', '2022-06-07 03:24:21.232', 6),
(1135, 62, 19, 65, 11, 'SEDANG', 1, '2022-06-07 03:24:21.231', '2022-06-07 03:24:21.232', 6),
(1136, 69, 19, 91, 14, 'TIDAK SEHAT', 1, '2022-06-07 03:24:21.231', '2022-06-07 03:24:21.232', 10),
(1137, 61, 17, 77, 13, 'SEDANG', 1, '2022-06-07 03:24:21.231', '2022-06-07 03:24:21.232', 11),
(1138, 42, 16, 70, 10, 'SEDANG', 1, '2022-06-07 03:24:21.231', '2022-06-07 03:24:21.232', 5),
(1139, 52, 19, 66, 11, 'SEDANG', 1, '2022-06-07 03:24:21.231', '2022-06-07 03:24:21.232', 6),
(1140, 55, 19, 47, 11, 'SEDANG', 1, '2022-06-07 03:24:21.231', '2022-06-07 03:24:21.232', 6),
(1141, 69, 25, 70, 13, 'SEDANG', 1, '2022-06-07 03:24:21.231', '2022-06-07 03:24:21.232', 8),
(1142, 72, 21, 122, 11, 'TIDAK SEHAT', 1, '2022-06-07 03:24:21.231', '2022-06-07 03:24:21.232', 10),
(1143, 80, 21, 94, 12, 'SEDANG', 1, '2022-06-07 03:24:21.231', '2022-06-07 03:24:21.232', 12),
(1144, 56, 21, 51, 9, 'SEDANG', 1, '2022-06-07 03:24:21.232', '2022-06-07 03:24:21.232', 6),
(1145, 54, 22, 118, 7, 'TIDAK SEHAT', 1, '2022-06-07 03:24:21.232', '2022-06-07 03:24:21.232', 6),
(1146, 67, 21, 121, 11, 'TIDAK SEHAT', 1, '2022-06-07 03:24:21.232', '2022-06-07 03:24:21.232', 12);

-- --------------------------------------------------------

--
-- Table structure for table `lokasi`
--

CREATE TABLE `lokasi` (
  `id` int(11) NOT NULL,
  `nama_lokasi` varchar(255) COLLATE utf8mb4_unicode_ci NOT NULL,
  `createdAt` datetime(3) NOT NULL DEFAULT current_timestamp(3),
  `updatedAt` datetime(3) NOT NULL
) ENGINE=InnoDB DEFAULT CHARSET=utf8mb4 COLLATE=utf8mb4_unicode_ci;

--
-- Dumping data for table `lokasi`
--

INSERT INTO `lokasi` (`id`, `nama_lokasi`, `createdAt`, `updatedAt`) VALUES
(1, 'Sungai Kunjang edited', '2022-03-10 01:11:16.318', '2022-03-10 01:47:39.497'),
(2, 'Air Hitam', '2022-03-10 01:11:58.325', '2022-03-10 01:11:58.325');

-- --------------------------------------------------------

--
-- Table structure for table `parameter`
--

CREATE TABLE `parameter` (
  `id` int(11) NOT NULL,
  `parameter` varchar(191) COLLATE utf8mb4_unicode_ci NOT NULL,
  `baku_mutu` varchar(191) COLLATE utf8mb4_unicode_ci NOT NULL,
  `satuan` varchar(191) COLLATE utf8mb4_unicode_ci NOT NULL,
  `pengujian` tinyint(1) NOT NULL DEFAULT 0,
  `createdAt` datetime(3) NOT NULL DEFAULT current_timestamp(3),
  `updatedAt` datetime(3) NOT NULL,
  `kode_pengujian` varchar(191) COLLATE utf8mb4_unicode_ci DEFAULT ''
) ENGINE=InnoDB DEFAULT CHARSET=utf8mb4 COLLATE=utf8mb4_unicode_ci;

--
-- Dumping data for table `parameter`
--

INSERT INTO `parameter` (`id`, `parameter`, `baku_mutu`, `satuan`, `pengujian`, `createdAt`, `updatedAt`, `kode_pengujian`) VALUES
(3, 'no2', '999', 'g/Nm3', 1, '2022-03-10 01:01:45.998', '2022-03-15 01:58:36.771', 'no2'),
(4, 'pm10', '999', 'g/Nm3', 1, '2022-03-10 01:02:07.603', '2022-03-10 01:02:07.603', 'pm10'),
(5, 'o3', '999', 'g/Nm3', 1, '2022-03-13 23:18:48.741', '2022-03-15 01:53:12.951', 'o3'),
(6, 'so2', '999', 'g/Nm3', 1, '2022-03-15 01:53:42.460', '2022-03-15 01:53:42.465', 'so2'),
(7, 'co', '999', 'g/Nm3', 1, '2022-03-15 01:53:46.621', '2022-03-15 01:53:46.621', 'co'),
(8, 'param test update 123', '123', 'g/Nm3 123', 0, '2022-03-30 14:30:48.532', '2022-05-31 02:34:27.768', ''),
(10, 'PARAM_TEST 2', '999', 'g/Nm3', 0, '2022-05-30 07:44:16.597', '2022-05-30 07:44:16.598', ''),
(11, 'PARAM_TEST 3', '999', 'g/Nm3', 1, '2022-05-30 07:44:38.726', '2022-05-30 07:44:38.726', ''),
(12, 'ABC', '20', 'ug/nm', 0, '2022-05-30 08:36:23.562', '2022-05-30 08:36:23.562', ''),
(13, 'ABC 3', '11', 'ug/nm', 0, '2022-05-30 08:54:53.301', '2022-05-30 08:54:53.301', ''),
(14, 'ABC 5', '111', 'ug/nm', 0, '2022-05-30 08:56:54.938', '2022-05-30 08:56:54.938', '');

-- --------------------------------------------------------

--
-- Table structure for table `post`
--

CREATE TABLE `post` (
  `id` int(11) NOT NULL,
  `createdAt` datetime(3) NOT NULL DEFAULT current_timestamp(3),
  `updatedAt` datetime(3) NOT NULL,
  `title` varchar(255) COLLATE utf8mb4_unicode_ci NOT NULL,
  `content` varchar(191) COLLATE utf8mb4_unicode_ci DEFAULT NULL,
  `published` tinyint(1) NOT NULL DEFAULT 0,
  `authorId` int(11) NOT NULL
) ENGINE=InnoDB DEFAULT CHARSET=utf8mb4 COLLATE=utf8mb4_unicode_ci;

-- --------------------------------------------------------

--
-- Table structure for table `profile`
--

CREATE TABLE `profile` (
  `id` int(11) NOT NULL,
  `bio` varchar(191) COLLATE utf8mb4_unicode_ci DEFAULT NULL,
  `userId` int(11) NOT NULL
) ENGINE=InnoDB DEFAULT CHARSET=utf8mb4 COLLATE=utf8mb4_unicode_ci;

-- --------------------------------------------------------

--
-- Table structure for table `titik`
--

CREATE TABLE `titik` (
  `id` int(11) NOT NULL,
  `nama_titik` varchar(255) COLLATE utf8mb4_unicode_ci NOT NULL,
  `koordinat` varchar(255) COLLATE utf8mb4_unicode_ci NOT NULL,
  `lokasiId` int(11) NOT NULL,
  `createdAt` datetime(3) NOT NULL DEFAULT current_timestamp(3),
  `updatedAt` datetime(3) NOT NULL
) ENGINE=InnoDB DEFAULT CHARSET=utf8mb4 COLLATE=utf8mb4_unicode_ci;

--
-- Dumping data for table `titik`
--

INSERT INTO `titik` (`id`, `nama_titik`, `koordinat`, `lokasiId`, `createdAt`, `updatedAt`) VALUES
(1, 'Simpang air hitam', '11111 99999', 1, '2022-03-10 06:55:19.221', '2022-03-10 13:21:48.012'),
(2, 'Jembatan mahakam', '11111 11111', 2, '2022-03-10 06:55:50.352', '2022-03-10 06:55:50.352'),
(3, 'Jembatan mahakam 2 updated', '11111 99999', 1, '2022-03-10 12:49:45.883', '2022-03-10 13:09:59.720');

-- --------------------------------------------------------

--
-- Table structure for table `user`
--

CREATE TABLE `user` (
  `id` int(11) NOT NULL,
  `email` varchar(191) COLLATE utf8mb4_unicode_ci NOT NULL,
  `name` varchar(191) COLLATE utf8mb4_unicode_ci DEFAULT NULL
) ENGINE=InnoDB DEFAULT CHARSET=utf8mb4 COLLATE=utf8mb4_unicode_ci;

-- --------------------------------------------------------

--
-- Table structure for table `_prisma_migrations`
--

CREATE TABLE `_prisma_migrations` (
  `id` varchar(36) COLLATE utf8mb4_unicode_ci NOT NULL,
  `checksum` varchar(64) COLLATE utf8mb4_unicode_ci NOT NULL,
  `finished_at` datetime(3) DEFAULT NULL,
  `migration_name` varchar(255) COLLATE utf8mb4_unicode_ci NOT NULL,
  `logs` text COLLATE utf8mb4_unicode_ci DEFAULT NULL,
  `rolled_back_at` datetime(3) DEFAULT NULL,
  `started_at` datetime(3) NOT NULL DEFAULT current_timestamp(3),
  `applied_steps_count` int(10) UNSIGNED NOT NULL DEFAULT 0
) ENGINE=InnoDB DEFAULT CHARSET=utf8mb4 COLLATE=utf8mb4_unicode_ci;

--
-- Dumping data for table `_prisma_migrations`
--

INSERT INTO `_prisma_migrations` (`id`, `checksum`, `finished_at`, `migration_name`, `logs`, `rolled_back_at`, `started_at`, `applied_steps_count`) VALUES
('0cd83221-7a49-41ce-b810-cd94283ce8dd', 'e4636c9491ab0fe6d6544151bd936c6d410dc90b2cf3403d69f09f864594129c', '2022-03-29 03:23:22.557', '20220329032322_update_knn_co', NULL, NULL, '2022-03-29 03:23:22.550', 1),
('0f746519-6449-4281-83ec-b82128b23c7d', '099318550c56bf68a8cc334582579942bdd43d2ca148d09ba71368fb7c7054f9', '2022-06-06 11:44:13.370', '20220606114413_hasil_klasifikasi', NULL, NULL, '2022-06-06 11:44:13.361', 1),
('163ef62a-5624-4714-87e2-31225560e343', '5be1fe7fe0a60a5cf7f02f4be621773a72d00f96475382caa37aa30a43343b14', '2022-03-30 14:59:01.077', '20220330145901_update_table_klasifikasi', NULL, NULL, '2022-03-30 14:59:01.068', 1),
('20a5f1ce-c63b-487a-ab74-6723e406de66', '92ef3543a333eced0e7eafab34f1d762c4096804447227148d546a177ed2d739', '2022-03-10 01:01:24.533', '20220310010124_add_timestamp', NULL, NULL, '2022-03-10 01:01:24.512', 1),
('326c9f06-ba94-489f-8771-044a3b93c2a1', 'a5de8546a38d92f2cf818b076cf60eeb7106e68f4753e91e36cf04a3223ae965', '2022-03-09 12:54:29.803', '20220309125429_udara_init', NULL, NULL, '2022-03-09 12:54:29.797', 1),
('43962672-03b9-4aee-9b98-e4ecc33185e3', 'ccee93828487417e0553d626f220cfceea54d7ad46e292cb99fec5e68a8875bc', '2022-02-15 04:08:52.637', '20220215040852_add_account', NULL, NULL, '2022-02-15 04:08:52.627', 1),
('68b62efb-be5e-40ba-9391-53db642a5674', 'b9a8c682439e8a89a4a492d111d6c61bd90baa1c3c08b026539bd1924fbf38f1', '2022-03-09 12:26:48.708', '20220309122648_udara_init', NULL, NULL, '2022-03-09 12:26:48.602', 1),
('68cee4e8-517e-49dc-b26b-5dc2d3c2bea4', '13e356524061bc42e2b03dc9eb89e5c06b15c6f48cb2bfc8060b9321a6706ccc', '2022-03-10 14:14:42.897', '20220310141442_hasil_uji_to_int', NULL, NULL, '2022-03-10 14:14:42.877', 1),
('7104e94b-7b3a-4e8d-90b1-eb02f9096f83', 'eb3adebfa8f938d076c2139f1b91f53f905caf06c4d67956a3b570cc644b3c42', '2022-03-30 12:40:16.323', '20220330124016_add_table_klasifikasi', NULL, NULL, '2022-03-30 12:40:16.299', 1),
('746b1713-549d-4334-8c60-5e027db669b2', '6b21f80336aadb9c773dfdb9bf15dfc304c6eba9e3ec4f9b72ffda36cbb067bd', '2022-02-15 04:13:30.765', '20220215041330_update_account_level', NULL, NULL, '2022-02-15 04:13:30.759', 1),
('78fd69ee-a2d1-42bb-8df8-ce8098dd7712', '69735c2bd90c4a8c7cf6c73216cd4cd2ef35918f64c48a492239a1736fb63792', '2022-06-24 14:11:26.280', '20220624141126_add_hasil_uji_salah', NULL, NULL, '2022-06-24 14:11:26.254', 1),
('8bd3ab41-e4a4-4036-a0ff-695f01df6c6f', '68ff6cd5a7f62a54722d2bb0b846017a5234218176e123c1c8f3c736d0619523', '2022-03-29 02:51:43.152', '20220329025143_update_table_knn', NULL, NULL, '2022-03-29 02:51:43.143', 1),
('923fa084-80cc-4313-9e17-23dc39d333b7', '45afc2c017462bc8fa1ae5eb4bd32d1efe5d4c0942b34578a319b89d2ff3a4d5', '2022-03-29 03:31:43.951', '20220329033143_update_knn_sesuai_default_bool', NULL, NULL, '2022-03-29 03:31:43.930', 1),
('c40843ed-e003-43a2-8ac6-a600e752943e', '7c836245a3cfba559918674062b4165c8ce536465695e740c74f352782dfe2a6', '2022-02-09 01:47:52.965', '20220209014752_init', NULL, NULL, '2022-02-09 01:47:52.914', 1),
('c80f6759-36bf-44b3-98c0-2efa1a2a65b5', '213e3db21eb375def087fe52fd76c1edd7322f754637c4aba0f41c1a70bafdb4', '2022-02-09 01:53:21.274', '20220209015321_add_blog_model', NULL, NULL, '2022-02-09 01:53:21.267', 1),
('cd10d540-3573-498c-8192-ac7796e6322e', '12f6cb7ffc3ccc0179f89b6c18d5d0cec67efc877aa7b2095135806be3070535', '2022-03-09 13:35:16.746', '20220309133516_udara_init', NULL, NULL, '2022-03-09 13:35:16.726', 1),
('d22ef1f5-41a7-42dc-8904-3360a2025a22', 'bdf62e9b56288b05cc887a6df8ebf3c8290bdfff7c6f859e1bfb5e1de6be797c', '2022-03-30 14:57:54.375', '20220330145754_update_table_klasifikasi', NULL, NULL, '2022-03-30 14:57:54.368', 1),
('d9018ec3-106b-4777-9054-11bfbaad3cd0', '14469cf348a9a7ef346c4b608106c3f5a2bb5417777957ef3cc15d6a7e8cdb5c', '2022-03-29 03:27:33.692', '20220329032733_update_knn_sesuai_default', NULL, NULL, '2022-03-29 03:27:33.686', 1),
('e3e7b817-19bd-498c-bd91-2b02a3a0290b', '367032ccf2cc38facf22e17b9929031ba44b0dfa2424a48c3bf15023aa82cfb4', '2022-03-10 13:28:58.452', '20220310132858_data_uji_detail_relation', NULL, NULL, '2022-03-10 13:28:58.431', 1),
('ea7e7b25-fe8d-4f5a-ac58-68ccf476cf4a', '5259bec2abf5b09e2a8d758c4ea5e376b0ece5dd7a9f2e2f18ec90ffcc8ae433', '2022-03-30 13:07:12.614', '20220330130712_add_kode_parameter', NULL, NULL, '2022-03-30 13:07:12.606', 1);

--
-- Indexes for dumped tables
--

--
-- Indexes for table `account`
--
ALTER TABLE `account`
  ADD PRIMARY KEY (`id`),
  ADD UNIQUE KEY `Account_email_key` (`email`);

--
-- Indexes for table `blog`
--
ALTER TABLE `blog`
  ADD PRIMARY KEY (`id`);

--
-- Indexes for table `datauji`
--
ALTER TABLE `datauji`
  ADD PRIMARY KEY (`id`),
  ADD KEY `DataUji_titikId_fkey` (`titikId`);

--
-- Indexes for table `dataujidetail`
--
ALTER TABLE `dataujidetail`
  ADD PRIMARY KEY (`id`),
  ADD KEY `DataUjiDetail_parameterId_fkey` (`parameterId`),
  ADD KEY `DataUjiDetail_dataUjiId_fkey` (`dataUjiId`);

--
-- Indexes for table `hasiltraining`
--
ALTER TABLE `hasiltraining`
  ADD PRIMARY KEY (`id`);

--
-- Indexes for table `hasilujisalah`
--
ALTER TABLE `hasilujisalah`
  ADD PRIMARY KEY (`id`),
  ADD KEY `HasilUjiSalah_hasilTrainingId_fkey` (`hasilTrainingId`);

--
-- Indexes for table `klasifikasi`
--
ALTER TABLE `klasifikasi`
  ADD PRIMARY KEY (`id`),
  ADD KEY `Klasifikasi_dataUjiId_fkey` (`dataUjiId`);

--
-- Indexes for table `knnklasifikasi`
--
ALTER TABLE `knnklasifikasi`
  ADD PRIMARY KEY (`id`);

--
-- Indexes for table `lokasi`
--
ALTER TABLE `lokasi`
  ADD PRIMARY KEY (`id`);

--
-- Indexes for table `parameter`
--
ALTER TABLE `parameter`
  ADD PRIMARY KEY (`id`);

--
-- Indexes for table `post`
--
ALTER TABLE `post`
  ADD PRIMARY KEY (`id`),
  ADD KEY `Post_authorId_fkey` (`authorId`);

--
-- Indexes for table `profile`
--
ALTER TABLE `profile`
  ADD PRIMARY KEY (`id`),
  ADD UNIQUE KEY `Profile_userId_key` (`userId`);

--
-- Indexes for table `titik`
--
ALTER TABLE `titik`
  ADD PRIMARY KEY (`id`),
  ADD KEY `Titik_lokasiId_fkey` (`lokasiId`);

--
-- Indexes for table `user`
--
ALTER TABLE `user`
  ADD PRIMARY KEY (`id`),
  ADD UNIQUE KEY `User_email_key` (`email`);

--
-- Indexes for table `_prisma_migrations`
--
ALTER TABLE `_prisma_migrations`
  ADD PRIMARY KEY (`id`);

--
-- AUTO_INCREMENT for dumped tables
--

--
-- AUTO_INCREMENT for table `account`
--
ALTER TABLE `account`
  MODIFY `id` int(11) NOT NULL AUTO_INCREMENT, AUTO_INCREMENT=15;

--
-- AUTO_INCREMENT for table `blog`
--
ALTER TABLE `blog`
  MODIFY `id` int(11) NOT NULL AUTO_INCREMENT, AUTO_INCREMENT=2;

--
-- AUTO_INCREMENT for table `datauji`
--
ALTER TABLE `datauji`
  MODIFY `id` int(11) NOT NULL AUTO_INCREMENT, AUTO_INCREMENT=4;

--
-- AUTO_INCREMENT for table `dataujidetail`
--
ALTER TABLE `dataujidetail`
  MODIFY `id` int(11) NOT NULL AUTO_INCREMENT, AUTO_INCREMENT=11;

--
-- AUTO_INCREMENT for table `hasiltraining`
--
ALTER TABLE `hasiltraining`
  MODIFY `id` int(11) NOT NULL AUTO_INCREMENT, AUTO_INCREMENT=262;

--
-- AUTO_INCREMENT for table `hasilujisalah`
--
ALTER TABLE `hasilujisalah`
  MODIFY `id` int(11) NOT NULL AUTO_INCREMENT, AUTO_INCREMENT=196;

--
-- AUTO_INCREMENT for table `klasifikasi`
--
ALTER TABLE `klasifikasi`
  MODIFY `id` int(11) NOT NULL AUTO_INCREMENT, AUTO_INCREMENT=5;

--
-- AUTO_INCREMENT for table `knnklasifikasi`
--
ALTER TABLE `knnklasifikasi`
  MODIFY `id` int(11) NOT NULL AUTO_INCREMENT, AUTO_INCREMENT=1147;

--
-- AUTO_INCREMENT for table `lokasi`
--
ALTER TABLE `lokasi`
  MODIFY `id` int(11) NOT NULL AUTO_INCREMENT, AUTO_INCREMENT=3;

--
-- AUTO_INCREMENT for table `parameter`
--
ALTER TABLE `parameter`
  MODIFY `id` int(11) NOT NULL AUTO_INCREMENT, AUTO_INCREMENT=15;

--
-- AUTO_INCREMENT for table `post`
--
ALTER TABLE `post`
  MODIFY `id` int(11) NOT NULL AUTO_INCREMENT;

--
-- AUTO_INCREMENT for table `profile`
--
ALTER TABLE `profile`
  MODIFY `id` int(11) NOT NULL AUTO_INCREMENT;

--
-- AUTO_INCREMENT for table `titik`
--
ALTER TABLE `titik`
  MODIFY `id` int(11) NOT NULL AUTO_INCREMENT, AUTO_INCREMENT=4;

--
-- AUTO_INCREMENT for table `user`
--
ALTER TABLE `user`
  MODIFY `id` int(11) NOT NULL AUTO_INCREMENT;

--
-- Constraints for dumped tables
--

--
-- Constraints for table `datauji`
--
ALTER TABLE `datauji`
  ADD CONSTRAINT `DataUji_titikId_fkey` FOREIGN KEY (`titikId`) REFERENCES `titik` (`id`) ON UPDATE CASCADE;

--
-- Constraints for table `dataujidetail`
--
ALTER TABLE `dataujidetail`
  ADD CONSTRAINT `DataUjiDetail_dataUjiId_fkey` FOREIGN KEY (`dataUjiId`) REFERENCES `datauji` (`id`) ON UPDATE CASCADE,
  ADD CONSTRAINT `DataUjiDetail_parameterId_fkey` FOREIGN KEY (`parameterId`) REFERENCES `parameter` (`id`) ON UPDATE CASCADE;

--
-- Constraints for table `hasilujisalah`
--
ALTER TABLE `hasilujisalah`
  ADD CONSTRAINT `HasilUjiSalah_hasilTrainingId_fkey` FOREIGN KEY (`hasilTrainingId`) REFERENCES `hasiltraining` (`id`) ON DELETE SET NULL ON UPDATE CASCADE;

--
-- Constraints for table `klasifikasi`
--
ALTER TABLE `klasifikasi`
  ADD CONSTRAINT `Klasifikasi_dataUjiId_fkey` FOREIGN KEY (`dataUjiId`) REFERENCES `datauji` (`id`) ON DELETE SET NULL ON UPDATE CASCADE;

--
-- Constraints for table `post`
--
ALTER TABLE `post`
  ADD CONSTRAINT `Post_authorId_fkey` FOREIGN KEY (`authorId`) REFERENCES `user` (`id`) ON UPDATE CASCADE;

--
-- Constraints for table `profile`
--
ALTER TABLE `profile`
  ADD CONSTRAINT `Profile_userId_fkey` FOREIGN KEY (`userId`) REFERENCES `user` (`id`) ON UPDATE CASCADE;

--
-- Constraints for table `titik`
--
ALTER TABLE `titik`
  ADD CONSTRAINT `Titik_lokasiId_fkey` FOREIGN KEY (`lokasiId`) REFERENCES `lokasi` (`id`) ON UPDATE CASCADE;
COMMIT;

/*!40101 SET CHARACTER_SET_CLIENT=@OLD_CHARACTER_SET_CLIENT */;
/*!40101 SET CHARACTER_SET_RESULTS=@OLD_CHARACTER_SET_RESULTS */;
/*!40101 SET COLLATION_CONNECTION=@OLD_COLLATION_CONNECTION */;
